-- phpMyAdmin SQL Dump
-- version 3.4.9
-- http://www.phpmyadmin.net
--
-- Host: localhost
-- Generation Time: Aug 29, 2017 at 06:34 PM
-- Server version: 5.5.20
-- PHP Version: 5.3.9

SET SQL_MODE="NO_AUTO_VALUE_ON_ZERO";
SET time_zone = "+00:00";


/*!40101 SET @OLD_CHARACTER_SET_CLIENT=@@CHARACTER_SET_CLIENT */;
/*!40101 SET @OLD_CHARACTER_SET_RESULTS=@@CHARACTER_SET_RESULTS */;
/*!40101 SET @OLD_COLLATION_CONNECTION=@@COLLATION_CONNECTION */;
/*!40101 SET NAMES utf8 */;

--
-- Database: `school_5`
--

-- --------------------------------------------------------

--
-- Table structure for table `academic_syllabus`
--

CREATE TABLE IF NOT EXISTS `academic_syllabus` (
  `id` int(11) NOT NULL AUTO_INCREMENT,
  `academic_syllabus_code` longtext NOT NULL,
  `title` longtext NOT NULL,
  `description` longtext NOT NULL,
  `class_id` int(11) NOT NULL,
  `subject_id` int(11) NOT NULL,
  `uploader_type` longtext NOT NULL,
  `uploader_id` int(11) NOT NULL,
  `session` longtext NOT NULL,
  `timestamp` longtext NOT NULL,
  `file_name` longtext CHARACTER SET utf8 COLLATE utf8_unicode_ci NOT NULL,
  PRIMARY KEY (`id`)
) ENGINE=InnoDB DEFAULT CHARSET=latin1 AUTO_INCREMENT=1 ;

-- --------------------------------------------------------

--
-- Table structure for table `accountant`
--

CREATE TABLE IF NOT EXISTS `accountant` (
  `accountant_id` int(11) NOT NULL AUTO_INCREMENT,
  `name` longtext CHARACTER SET utf8 COLLATE utf8_unicode_ci NOT NULL,
  `birthday` longtext CHARACTER SET utf8 COLLATE utf8_unicode_ci NOT NULL,
  `sex` longtext CHARACTER SET utf8 COLLATE utf8_unicode_ci NOT NULL,
  `religion` longtext CHARACTER SET utf8 COLLATE utf8_unicode_ci NOT NULL,
  `blood_group` longtext CHARACTER SET utf8 COLLATE utf8_unicode_ci NOT NULL,
  `address` longtext CHARACTER SET utf8 COLLATE utf8_unicode_ci NOT NULL,
  `phone` longtext CHARACTER SET utf8 COLLATE utf8_unicode_ci NOT NULL,
  `email` longtext CHARACTER SET utf8 COLLATE utf8_unicode_ci NOT NULL,
  `password` longtext CHARACTER SET utf8 COLLATE utf8_unicode_ci NOT NULL,
  `authentication_key` longtext CHARACTER SET utf8 COLLATE utf8_unicode_ci NOT NULL,
  PRIMARY KEY (`accountant_id`)
) ENGINE=InnoDB  DEFAULT CHARSET=latin1 AUTO_INCREMENT=4 ;

--
-- Dumping data for table `accountant`
--

INSERT INTO `accountant` (`accountant_id`, `name`, `birthday`, `sex`, `religion`, `blood_group`, `address`, `phone`, `email`, `password`, `authentication_key`) VALUES
(3, 'ACCOUNTANT', '06/10/2014', 'male', '', '', 'FEDERAL COLLEGE OF EDUCATION, OSIELE ABEOKUTA OGUN STATE', '08033527716', 'accountant@accountant.com', 'account', '');

-- --------------------------------------------------------

--
-- Table structure for table `admin`
--

CREATE TABLE IF NOT EXISTS `admin` (
  `admin_id` int(11) NOT NULL AUTO_INCREMENT,
  `name` longtext COLLATE utf8_unicode_ci NOT NULL,
  `email` longtext COLLATE utf8_unicode_ci NOT NULL,
  `password` longtext COLLATE utf8_unicode_ci NOT NULL,
  `level` longtext COLLATE utf8_unicode_ci NOT NULL,
  `authentication_key` longtext COLLATE utf8_unicode_ci NOT NULL,
  PRIMARY KEY (`admin_id`)
) ENGINE=InnoDB  DEFAULT CHARSET=utf8 COLLATE=utf8_unicode_ci AUTO_INCREMENT=4 ;

--
-- Dumping data for table `admin`
--

INSERT INTO `admin` (`admin_id`, `name`, `email`, `password`, `level`, `authentication_key`) VALUES
(3, 'Admininstrator', 'admin@admin.com', 'admin', '1', '');

-- --------------------------------------------------------

--
-- Table structure for table `alumni`
--

CREATE TABLE IF NOT EXISTS `alumni` (
  `alumni_id` int(11) NOT NULL AUTO_INCREMENT,
  `name` longtext CHARACTER SET utf8 COLLATE utf8_unicode_ci NOT NULL,
  `sex` longtext CHARACTER SET utf8 COLLATE utf8_unicode_ci NOT NULL,
  `phone` longtext CHARACTER SET utf8 COLLATE utf8_unicode_ci NOT NULL,
  `email` longtext CHARACTER SET utf8 COLLATE utf8_unicode_ci NOT NULL,
  `address` longtext CHARACTER SET utf8 COLLATE utf8_unicode_ci NOT NULL,
  `profession` longtext CHARACTER SET utf8 COLLATE utf8_unicode_ci NOT NULL,
  `marital_status` longtext CHARACTER SET utf8 COLLATE utf8_unicode_ci NOT NULL,
  `g_year` longtext CHARACTER SET utf8 COLLATE utf8_unicode_ci NOT NULL,
  `club` longtext CHARACTER SET utf8 COLLATE utf8_unicode_ci NOT NULL,
  `interest` longtext CHARACTER SET utf8 COLLATE utf8_unicode_ci NOT NULL,
  PRIMARY KEY (`alumni_id`)
) ENGINE=InnoDB  DEFAULT CHARSET=latin1 AUTO_INCREMENT=6 ;

--
-- Dumping data for table `alumni`
--

INSERT INTO `alumni` (`alumni_id`, `name`, `sex`, `phone`, `email`, `address`, `profession`, `marital_status`, `g_year`, `club`, `interest`) VALUES
(5, 'MR WALE', 'female', '08033527716', 'segtism@gmail.com', 'THIS IS THE ADDRESS OF THE ALUMNI, IT WORTH SHARING THANKS', 'SOFTWARE DEVELOPER', 'MARRIED', '2012', 'SCIENCE', 'READING');

-- --------------------------------------------------------

--
-- Table structure for table `answer`
--

CREATE TABLE IF NOT EXISTS `answer` (
  `answer_id` int(11) NOT NULL AUTO_INCREMENT,
  `question_id` int(11) NOT NULL,
  `label` varchar(10) NOT NULL DEFAULT 'A',
  `content` text NOT NULL,
  PRIMARY KEY (`answer_id`)
) ENGINE=MyISAM  DEFAULT CHARSET=utf8 AUTO_INCREMENT=286 ;

-- --------------------------------------------------------

--
-- Table structure for table `assignment`
--

CREATE TABLE IF NOT EXISTS `assignment` (
  `assignment_id` int(11) NOT NULL AUTO_INCREMENT,
  `title` longtext CHARACTER SET utf8 COLLATE utf8_unicode_ci NOT NULL,
  `description` longtext CHARACTER SET utf8 COLLATE utf8_unicode_ci NOT NULL,
  `file_name` longtext CHARACTER SET utf8 COLLATE utf8_unicode_ci NOT NULL,
  `file_type` longtext CHARACTER SET utf8 COLLATE utf8_unicode_ci NOT NULL,
  `class_id` longtext CHARACTER SET utf8 COLLATE utf8_unicode_ci NOT NULL,
  `teacher_id` int(11) NOT NULL,
  `timestamp` longtext CHARACTER SET utf8 COLLATE utf8_unicode_ci NOT NULL,
  PRIMARY KEY (`assignment_id`)
) ENGINE=InnoDB  DEFAULT CHARSET=latin1 AUTO_INCREMENT=2 ;

--
-- Dumping data for table `assignment`
--

INSERT INTO `assignment` (`assignment_id`, `title`, `description`, `file_name`, `file_type`, `class_id`, `teacher_id`, `timestamp`) VALUES
(1, 'TRUE LOVE STORY', 'GO TO GOOGLE AND BROWSE FOR INFORMATION ABOUT TITANIC', 'Email.docx', 'doc', '2', 0, 'Wed, 12 July 2017');

-- --------------------------------------------------------

--
-- Table structure for table `attendance`
--

CREATE TABLE IF NOT EXISTS `attendance` (
  `attendance_id` int(11) NOT NULL AUTO_INCREMENT,
  `status` int(11) NOT NULL COMMENT '0 undefined , 1 present , 2  absent',
  `student_id` int(11) NOT NULL,
  `date` date NOT NULL,
  PRIMARY KEY (`attendance_id`)
) ENGINE=InnoDB  DEFAULT CHARSET=latin1 AUTO_INCREMENT=80 ;

--
-- Dumping data for table `attendance`
--

INSERT INTO `attendance` (`attendance_id`, `status`, `student_id`, `date`) VALUES
(1, 2, 1, '2017-07-04'),
(2, 0, 5, '2017-07-08'),
(3, 1, 8, '2017-07-13'),
(4, 2, 9, '2017-07-13'),
(5, 1, 5, '2017-07-13'),
(6, 1, 10, '2017-07-13'),
(7, 0, 8, '2017-07-08'),
(8, 0, 9, '2017-07-08'),
(9, 0, 12, '2017-07-08'),
(10, 0, 14, '2017-07-08'),
(11, 0, 5, '2020-01-01'),
(12, 0, 11, '2020-01-01'),
(13, 0, 13, '2020-01-01'),
(14, 0, 8, '2020-01-01'),
(15, 0, 9, '2020-01-01'),
(16, 0, 12, '2020-01-01'),
(17, 0, 14, '2020-01-01'),
(18, 1, 8, '2017-07-16'),
(19, 2, 9, '2017-07-16'),
(20, 0, 12, '2017-07-16'),
(21, 0, 14, '2017-07-16'),
(22, 0, 5, '2017-07-16'),
(23, 0, 11, '2017-07-16'),
(24, 0, 13, '2017-07-16'),
(25, 2, 8, '2017-08-18'),
(26, 2, 9, '2017-08-18'),
(27, 2, 14, '2017-08-18'),
(28, 0, 5, '2017-08-18'),
(29, 0, 11, '2017-08-18'),
(30, 0, 13, '2017-08-18'),
(31, 0, 15, '2017-08-18'),
(32, 0, 12, '2017-08-18'),
(33, 0, 5, '2017-08-15'),
(34, 0, 11, '2017-08-15'),
(35, 0, 13, '2017-08-15'),
(36, 0, 15, '2017-08-15'),
(37, 0, 8, '2017-08-22'),
(38, 0, 9, '2017-08-22'),
(39, 0, 14, '2017-08-22'),
(53, 0, 5, '0000-00-00'),
(54, 0, 11, '0000-00-00'),
(55, 0, 13, '0000-00-00'),
(56, 0, 15, '0000-00-00'),
(57, 2, 5, '2017-08-19'),
(58, 2, 11, '2017-08-19'),
(59, 2, 13, '2017-08-19'),
(60, 2, 15, '2017-08-19'),
(61, 1, 5, '2017-08-17'),
(62, 2, 11, '2017-08-17'),
(63, 1, 13, '2017-08-17'),
(64, 2, 15, '2017-08-17'),
(65, 2, 5, '2017-08-25'),
(66, 1, 11, '2017-08-25'),
(67, 2, 13, '2017-08-25'),
(68, 1, 15, '2017-08-25'),
(69, 1, 5, '2017-08-20'),
(70, 1, 11, '2017-08-20'),
(71, 1, 13, '2017-08-20'),
(72, 1, 15, '2017-08-20'),
(73, 1, 8, '2017-08-19'),
(74, 2, 9, '2017-08-19'),
(75, 1, 14, '2017-08-19'),
(76, 1, 5, '2017-08-21'),
(77, 1, 11, '2017-08-21'),
(78, 1, 13, '2017-08-21'),
(79, 1, 15, '2017-08-21');

-- --------------------------------------------------------

--
-- Table structure for table `banar`
--

CREATE TABLE IF NOT EXISTS `banar` (
  `banar_id` int(11) NOT NULL AUTO_INCREMENT,
  `b_namea` longtext CHARACTER SET utf8 COLLATE utf8_unicode_ci NOT NULL,
  `b_nameb` longtext CHARACTER SET utf8 COLLATE utf8_unicode_ci NOT NULL,
  PRIMARY KEY (`banar_id`)
) ENGINE=InnoDB  DEFAULT CHARSET=latin1 AUTO_INCREMENT=8 ;

--
-- Dumping data for table `banar`
--

INSERT INTO `banar` (`banar_id`, `b_namea`, `b_nameb`) VALUES
(7, 'WE ARE THE BEST IN ALL SITUATIONS', 'CONGRATULATIONS FOR THE SUCCESS FO THIS PROGRAMME');

-- --------------------------------------------------------

--
-- Table structure for table `book`
--

CREATE TABLE IF NOT EXISTS `book` (
  `book_id` int(11) NOT NULL AUTO_INCREMENT,
  `name` longtext COLLATE utf8_unicode_ci NOT NULL,
  `description` longtext COLLATE utf8_unicode_ci NOT NULL,
  `author` longtext COLLATE utf8_unicode_ci NOT NULL,
  `class_id` longtext COLLATE utf8_unicode_ci NOT NULL,
  `status` longtext COLLATE utf8_unicode_ci NOT NULL,
  `price` longtext COLLATE utf8_unicode_ci NOT NULL,
  PRIMARY KEY (`book_id`)
) ENGINE=InnoDB  DEFAULT CHARSET=utf8 COLLATE=utf8_unicode_ci AUTO_INCREMENT=3 ;

--
-- Dumping data for table `book`
--

INSERT INTO `book` (`book_id`, `name`, `description`, `author`, `class_id`, `status`, `price`) VALUES
(2, 'PHP', 'COMPLETE PHP REFERENCE', 'OPTIMUM LINKUP COMPUTERS', '3', 'available', '40000');

-- --------------------------------------------------------

--
-- Table structure for table `circular`
--

CREATE TABLE IF NOT EXISTS `circular` (
  `circular_id` int(11) NOT NULL AUTO_INCREMENT,
  `subject` longtext CHARACTER SET utf8 COLLATE utf8_unicode_ci NOT NULL,
  `ref` longtext CHARACTER SET utf8 COLLATE utf8_unicode_ci NOT NULL,
  `content` longtext CHARACTER SET utf8 COLLATE utf8_unicode_ci NOT NULL,
  `date` longtext CHARACTER SET utf8 COLLATE utf8_unicode_ci NOT NULL,
  PRIMARY KEY (`circular_id`)
) ENGINE=InnoDB  DEFAULT CHARSET=latin1 AUTO_INCREMENT=3 ;

--
-- Dumping data for table `circular`
--

INSERT INTO `circular` (`circular_id`, `subject`, `ref`, `content`, `date`) VALUES
(2, 'PARENT MEETINGS ASSOCIATION TODAY', 'PTAMEETINGS', 'THERE IS GOING TO BE MEETINGS TODAY', 'Thu, 13 July 2017');

-- --------------------------------------------------------

--
-- Table structure for table `ci_sessions`
--

CREATE TABLE IF NOT EXISTS `ci_sessions` (
  `id` varchar(40) COLLATE utf8_unicode_ci NOT NULL,
  `ip_address` varchar(45) COLLATE utf8_unicode_ci NOT NULL,
  `timestamp` int(10) unsigned NOT NULL DEFAULT '0',
  `data` blob NOT NULL,
  PRIMARY KEY (`id`),
  KEY `ci_sessions_timestamp` (`timestamp`)
) ENGINE=InnoDB DEFAULT CHARSET=utf8 COLLATE=utf8_unicode_ci;

--
-- Dumping data for table `ci_sessions`
--

INSERT INTO `ci_sessions` (`id`, `ip_address`, `timestamp`, `data`) VALUES
('003248552c8aefc757d9a3dbd8d0ab4dc6914b3b', '127.0.0.1', 1504028556, 0x5f5f63695f6c6173745f726567656e65726174657c693a313530343032383535363b),
('00dc9764e460247563a0ad7722e61fab01476444', '127.0.0.1', 1503355373, 0x5f5f63695f6c6173745f726567656e65726174657c693a313530333335353130383b61646d696e5f6c6f67696e7c733a313a2231223b61646d696e5f69647c733a313a2233223b6c6f67696e5f757365725f69647c733a313a2233223b6e616d657c733a303a22223b6c6f67696e5f747970657c733a353a2261646d696e223b),
('02984a531f472e7608ff30738595e6322299e3be', '127.0.0.1', 1504026271, 0x5f5f63695f6c6173745f726567656e65726174657c693a313530343032363030303b61646d696e5f6c6f67696e7c733a313a2231223b61646d696e5f69647c733a313a2233223b6c6f67696e5f757365725f69647c733a313a2233223b6e616d657c733a31343a2241646d696e696e73747261746f72223b6c6f67696e5f747970657c733a353a2261646d696e223b),
('030b0834111dd24ea5d8ef207a0141746c1111f0', '127.0.0.1', 1503358397, 0x5f5f63695f6c6173745f726567656e65726174657c693a313530333335383239303b61646d696e5f6c6f67696e7c733a313a2231223b61646d696e5f69647c733a313a2233223b6c6f67696e5f757365725f69647c733a313a2233223b6e616d657c733a303a22223b6c6f67696e5f747970657c733a353a2261646d696e223b),
('09a5f5012bacbef25fe539edebe9c28debe4d8c6', '127.0.0.1', 1503587471, 0x5f5f63695f6c6173745f726567656e65726174657c693a313530333538373437313b),
('100729f07ca700384edbfbec6cd968fb6eac5201', '127.0.0.1', 1503346682, 0x5f5f63695f6c6173745f726567656e65726174657c693a313530333334363637353b61646d696e5f6c6f67696e7c733a313a2231223b61646d696e5f69647c733a313a2233223b6c6f67696e5f757365725f69647c733a313a2233223b6e616d657c733a303a22223b6c6f67696e5f747970657c733a353a2261646d696e223b),
('176d826555d8b178b1902870f16a25bd9c3fcd5e', '127.0.0.1', 1503354772, 0x5f5f63695f6c6173745f726567656e65726174657c693a313530333335343438343b61646d696e5f6c6f67696e7c733a313a2231223b61646d696e5f69647c733a313a2233223b6c6f67696e5f757365725f69647c733a313a2233223b6e616d657c733a303a22223b6c6f67696e5f747970657c733a353a2261646d696e223b),
('19e5566c131070bab22e84766a16308568e5ac04', '127.0.0.1', 1503366057, 0x5f5f63695f6c6173745f726567656e65726174657c693a313530333336353737383b61646d696e5f6c6f67696e7c733a313a2231223b61646d696e5f69647c733a313a2233223b6c6f67696e5f757365725f69647c733a313a2233223b6e616d657c733a303a22223b6c6f67696e5f747970657c733a353a2261646d696e223b),
('1a8b1b480501104082049d89a545e8b99db34f28', '127.0.0.1', 1503364175, 0x5f5f63695f6c6173745f726567656e65726174657c693a313530333336333932343b61646d696e5f6c6f67696e7c733a313a2231223b61646d696e5f69647c733a313a2233223b6c6f67696e5f757365725f69647c733a313a2233223b6e616d657c733a303a22223b6c6f67696e5f747970657c733a353a2261646d696e223b),
('1b6d5d42ad0b47862cf373b6164b7deb602c67e1', '127.0.0.1', 1503355665, 0x5f5f63695f6c6173745f726567656e65726174657c693a313530333335353532383b61646d696e5f6c6f67696e7c733a313a2231223b61646d696e5f69647c733a313a2233223b6c6f67696e5f757365725f69647c733a313a2233223b6e616d657c733a303a22223b6c6f67696e5f747970657c733a353a2261646d696e223b),
('1d488b528bbb4c13ac4e729f0f3829711d66b937', '127.0.0.1', 1503360776, 0x5f5f63695f6c6173745f726567656e65726174657c693a313530333336303531393b61646d696e5f6c6f67696e7c733a313a2231223b61646d696e5f69647c733a313a2233223b6c6f67696e5f757365725f69647c733a313a2233223b6e616d657c733a303a22223b6c6f67696e5f747970657c733a353a2261646d696e223b),
('23d36453c47b2dddcc68732c83d880be6e48b367', '127.0.0.1', 1503357516, 0x5f5f63695f6c6173745f726567656e65726174657c693a313530333335373237353b61646d696e5f6c6f67696e7c733a313a2231223b61646d696e5f69647c733a313a2233223b6c6f67696e5f757365725f69647c733a313a2233223b6e616d657c733a303a22223b6c6f67696e5f747970657c733a353a2261646d696e223b),
('25363c7261df35d4cb9dc84fe3bd818ff2856a40', '127.0.0.1', 1503428585, 0x5f5f63695f6c6173745f726567656e65726174657c693a313530333432383538353b),
('278d3171025443e00b4324f832eb61f2643dae79', '127.0.0.1', 1503352390, 0x5f5f63695f6c6173745f726567656e65726174657c693a313530333335323230393b61646d696e5f6c6f67696e7c733a313a2231223b61646d696e5f69647c733a313a2233223b6c6f67696e5f757365725f69647c733a313a2233223b6e616d657c733a303a22223b6c6f67696e5f747970657c733a353a2261646d696e223b),
('2be33f9405ab05844fe0ee07eadd2024990772d3', '127.0.0.1', 1503356915, 0x5f5f63695f6c6173745f726567656e65726174657c693a313530333335363632303b61646d696e5f6c6f67696e7c733a313a2231223b61646d696e5f69647c733a313a2233223b6c6f67696e5f757365725f69647c733a313a2233223b6e616d657c733a303a22223b6c6f67696e5f747970657c733a353a2261646d696e223b),
('323db964edbf70594d49ad1dd1d7ca62cdc9fdf9', '127.0.0.1', 1503430707, 0x5f5f63695f6c6173745f726567656e65726174657c693a313530333433303730373b61646d696e5f6c6f67696e7c733a313a2231223b61646d696e5f69647c733a313a2233223b6c6f67696e5f757365725f69647c733a313a2233223b6e616d657c733a303a22223b6c6f67696e5f747970657c733a353a2261646d696e223b),
('360c211e04da7feb2c4b8bb162d495ce4342caf9', '127.0.0.1', 1503350284, 0x5f5f63695f6c6173745f726567656e65726174657c693a313530333335303034363b61646d696e5f6c6f67696e7c733a313a2231223b61646d696e5f69647c733a313a2233223b6c6f67696e5f757365725f69647c733a313a2233223b6e616d657c733a303a22223b6c6f67696e5f747970657c733a353a2261646d696e223b),
('39def19abd563cf63136c788d144e008cd45873f', '127.0.0.1', 1504028104, 0x5f5f63695f6c6173745f726567656e65726174657c693a313530343032373937373b61646d696e5f6c6f67696e7c733a313a2231223b61646d696e5f69647c733a313a2233223b6c6f67696e5f757365725f69647c733a313a2233223b6e616d657c733a31343a2241646d696e696e73747261746f72223b6c6f67696e5f747970657c733a353a2261646d696e223b),
('3ef2e8c318ba2468ea515032193d6d0cc655e1c3', '127.0.0.1', 1503366744, 0x5f5f63695f6c6173745f726567656e65726174657c693a313530333336363435363b61646d696e5f6c6f67696e7c733a313a2231223b61646d696e5f69647c733a313a2233223b6c6f67696e5f757365725f69647c733a313a2233223b6e616d657c733a303a22223b6c6f67696e5f747970657c733a353a2261646d696e223b),
('412308d36f81bbc8205eb93f8bddfa4edfd5d8f8', '127.0.0.1', 1503365234, 0x5f5f63695f6c6173745f726567656e65726174657c693a313530333336353036333b61646d696e5f6c6f67696e7c733a313a2231223b61646d696e5f69647c733a313a2233223b6c6f67696e5f757365725f69647c733a313a2233223b6e616d657c733a303a22223b6c6f67696e5f747970657c733a353a2261646d696e223b),
('49b45ee228719e5e46446fa1cb85f4a9c960648c', '127.0.0.1', 1503594752, 0x5f5f63695f6c6173745f726567656e65726174657c693a313530333539343734373b61646d696e5f6c6f67696e7c733a313a2231223b61646d696e5f69647c733a313a2233223b6c6f67696e5f757365725f69647c733a313a2233223b6e616d657c733a303a22223b6c6f67696e5f747970657c733a353a2261646d696e223b),
('4a218a19e3e3af5d0f99b4aa2fb2e17fda10c269', '127.0.0.1', 1503427480, 0x5f5f63695f6c6173745f726567656e65726174657c693a313530333432363736343b61646d696e5f6c6f67696e7c733a313a2231223b61646d696e5f69647c733a313a2233223b6c6f67696e5f757365725f69647c733a313a2233223b6e616d657c733a303a22223b6c6f67696e5f747970657c733a353a2261646d696e223b),
('4d2a9e2d8cf99433352a083d6f3cf16897d319c9', '127.0.0.1', 1503382423, 0x5f5f63695f6c6173745f726567656e65726174657c693a313530333338323339343b61646d696e5f6c6f67696e7c733a313a2231223b61646d696e5f69647c733a313a2233223b6c6f67696e5f757365725f69647c733a313a2233223b6e616d657c733a303a22223b6c6f67696e5f747970657c733a353a2261646d696e223b),
('4e69555ad73238b18a4433d5e4a50d03ab75c1b2', '127.0.0.1', 1504030440, 0x5f5f63695f6c6173745f726567656e65726174657c693a313530343033303434303b61646d696e5f6c6f67696e7c733a313a2231223b61646d696e5f69647c733a313a2233223b6c6f67696e5f757365725f69647c733a313a2233223b6e616d657c733a31343a2241646d696e696e73747261746f72223b6c6f67696e5f747970657c733a353a2261646d696e223b),
('4ffa5a2bc6f98ab7f43c2db4f0a20243e42f4a9e', '127.0.0.1', 1503360335, 0x5f5f63695f6c6173745f726567656e65726174657c693a313530333336303135373b61646d696e5f6c6f67696e7c733a313a2231223b61646d696e5f69647c733a313a2233223b6c6f67696e5f757365725f69647c733a313a2233223b6e616d657c733a303a22223b6c6f67696e5f747970657c733a353a2261646d696e223b),
('53ac4e8a4b56731ec43538cfde0f475b96d1ee02', '127.0.0.1', 1503367550, 0x5f5f63695f6c6173745f726567656e65726174657c693a313530333336373532353b61646d696e5f6c6f67696e7c733a313a2231223b61646d696e5f69647c733a313a2233223b6c6f67696e5f757365725f69647c733a313a2233223b6e616d657c733a303a22223b6c6f67696e5f747970657c733a353a2261646d696e223b),
('54b68ed00796e93c88a6d67100cf078b5d16a9bf', '127.0.0.1', 1504030178, 0x5f5f63695f6c6173745f726567656e65726174657c693a313530343032393935323b61646d696e5f6c6f67696e7c733a313a2231223b61646d696e5f69647c733a313a2233223b6c6f67696e5f757365725f69647c733a313a2233223b6e616d657c733a31343a2241646d696e696e73747261746f72223b6c6f67696e5f747970657c733a353a2261646d696e223b),
('54f0d827687ce1f4934ac2315408f82b2534e133', '127.0.0.1', 1503357257, 0x5f5f63695f6c6173745f726567656e65726174657c693a313530333335363936303b61646d696e5f6c6f67696e7c733a313a2231223b61646d696e5f69647c733a313a2233223b6c6f67696e5f757365725f69647c733a313a2233223b6e616d657c733a303a22223b6c6f67696e5f747970657c733a353a2261646d696e223b),
('551ac8fe7a9bd9f0ea26a6512fa7fee924be80d8', '127.0.0.1', 1503349981, 0x5f5f63695f6c6173745f726567656e65726174657c693a313530333334393638323b61646d696e5f6c6f67696e7c733a313a2231223b61646d696e5f69647c733a313a2233223b6c6f67696e5f757365725f69647c733a313a2233223b6e616d657c733a303a22223b6c6f67696e5f747970657c733a353a2261646d696e223b),
('5797d73978da3c55646e4090efb09b521e6e65e4', '127.0.0.1', 1504027322, 0x5f5f63695f6c6173745f726567656e65726174657c693a313530343032373138373b61646d696e5f6c6f67696e7c733a313a2231223b61646d696e5f69647c733a313a2233223b6c6f67696e5f757365725f69647c733a313a2233223b6e616d657c733a31343a2241646d696e696e73747261746f72223b6c6f67696e5f747970657c733a353a2261646d696e223b),
('5c5c498a858880aaed70c3a06d4b8d1d3e8688d0', '127.0.0.1', 1503350658, 0x5f5f63695f6c6173745f726567656e65726174657c693a313530333335303339313b61646d696e5f6c6f67696e7c733a313a2231223b61646d696e5f69647c733a313a2233223b6c6f67696e5f757365725f69647c733a313a2233223b6e616d657c733a303a22223b6c6f67696e5f747970657c733a353a2261646d696e223b),
('5f76d139af2692121cdd70de19b5cf8e501e5b38', '127.0.0.1', 1503430453, 0x5f5f63695f6c6173745f726567656e65726174657c693a313530333433303430323b61646d696e5f6c6f67696e7c733a313a2231223b61646d696e5f69647c733a313a2233223b6c6f67696e5f757365725f69647c733a313a2233223b6e616d657c733a303a22223b6c6f67696e5f747970657c733a353a2261646d696e223b),
('6118b3c617c1bd8435bacd03e23a7fea6c4e6a21', '127.0.0.1', 1503358197, 0x5f5f63695f6c6173745f726567656e65726174657c693a313530333335373938333b61646d696e5f6c6f67696e7c733a313a2231223b61646d696e5f69647c733a313a2233223b6c6f67696e5f757365725f69647c733a313a2233223b6e616d657c733a303a22223b6c6f67696e5f747970657c733a353a2261646d696e223b),
('66fe1f421967340826e70e81ca5d13f8288cf6fb', '127.0.0.1', 1503356515, 0x5f5f63695f6c6173745f726567656e65726174657c693a313530333335363231363b61646d696e5f6c6f67696e7c733a313a2231223b61646d696e5f69647c733a313a2233223b6c6f67696e5f757365725f69647c733a313a2233223b6e616d657c733a303a22223b6c6f67696e5f747970657c733a353a2261646d696e223b),
('68c7da09802a6b809ab3c9249fee5276334a37e2', '127.0.0.1', 1503359259, 0x5f5f63695f6c6173745f726567656e65726174657c693a313530333335383938353b61646d696e5f6c6f67696e7c733a313a2231223b61646d696e5f69647c733a313a2233223b6c6f67696e5f757365725f69647c733a313a2233223b6e616d657c733a303a22223b6c6f67696e5f747970657c733a353a2261646d696e223b),
('7fce15956cf316d4fdd565a78349ee9742d2def3', '127.0.0.1', 1503353888, 0x5f5f63695f6c6173745f726567656e65726174657c693a313530333335333632323b61646d696e5f6c6f67696e7c733a313a2231223b61646d696e5f69647c733a313a2233223b6c6f67696e5f757365725f69647c733a313a2233223b6e616d657c733a303a22223b6c6f67696e5f747970657c733a353a2261646d696e223b),
('8028344458d492e055c011a5e09cb37feb89c43f', '127.0.0.1', 1503483533, 0x5f5f63695f6c6173745f726567656e65726174657c693a313530333438333533333b),
('80609fe54fea85ffc1dd3197882d7c469da6c43e', '127.0.0.1', 1503359667, 0x5f5f63695f6c6173745f726567656e65726174657c693a313530333335393537363b61646d696e5f6c6f67696e7c733a313a2231223b61646d696e5f69647c733a313a2233223b6c6f67696e5f757365725f69647c733a313a2233223b6e616d657c733a303a22223b6c6f67696e5f747970657c733a353a2261646d696e223b),
('825b1ff49a8f7e971c3995d27629188cbeeacfe0', '127.0.0.1', 1503430147, 0x5f5f63695f6c6173745f726567656e65726174657c693a313530333433303134373b),
('8f065c9b17a84b887f156a5094d89bc2b9104a7a', '127.0.0.1', 1503592040, 0x5f5f63695f6c6173745f726567656e65726174657c693a313530333539323034303b),
('8fd3944f5faa5d8184739991fd1d38b5c22b4511', '127.0.0.1', 1503363254, 0x5f5f63695f6c6173745f726567656e65726174657c693a313530333336333131313b61646d696e5f6c6f67696e7c733a313a2231223b61646d696e5f69647c733a313a2233223b6c6f67696e5f757365725f69647c733a313a2233223b6e616d657c733a303a22223b6c6f67696e5f747970657c733a353a2261646d696e223b),
('908f75f0305c8fffdf19a990d9546444dfdbf6c0', '127.0.0.1', 1504029894, 0x5f5f63695f6c6173745f726567656e65726174657c693a313530343032393839343b),
('90fb036935be2818ad35830e11d036d17e5d4a58', '127.0.0.1', 1503372731, 0x5f5f63695f6c6173745f726567656e65726174657c693a313530333337323731343b61646d696e5f6c6f67696e7c733a313a2231223b61646d696e5f69647c733a313a2233223b6c6f67696e5f757365725f69647c733a313a2233223b6e616d657c733a303a22223b6c6f67696e5f747970657c733a353a2261646d696e223b),
('925a1507ca919e8ecf1a7fb08ae7a4bbb62709f0', '127.0.0.1', 1503367118, 0x5f5f63695f6c6173745f726567656e65726174657c693a313530333336363833313b61646d696e5f6c6f67696e7c733a313a2231223b61646d696e5f69647c733a313a2233223b6c6f67696e5f757365725f69647c733a313a2233223b6e616d657c733a303a22223b6c6f67696e5f747970657c733a353a2261646d696e223b),
('962fc64ac35374878052c3b987f8d6179c0fafec', '127.0.0.1', 1503431681, 0x5f5f63695f6c6173745f726567656e65726174657c693a313530333433313638313b),
('9a361bdb2fb82eadd2273e8fa0226c22d7b53c46', '127.0.0.1', 1503386509, 0x5f5f63695f6c6173745f726567656e65726174657c693a313530333338363438313b61646d696e5f6c6f67696e7c733a313a2231223b61646d696e5f69647c733a313a2233223b6c6f67696e5f757365725f69647c733a313a2233223b6e616d657c733a303a22223b6c6f67696e5f747970657c733a353a2261646d696e223b63757272656e745f6c616e67756167657c733a363a22617261626963223b),
('9a3e089c33fc91e661a995524d40ab7229427a2d', '127.0.0.1', 1503361220, 0x5f5f63695f6c6173745f726567656e65726174657c693a313530333336303934333b61646d696e5f6c6f67696e7c733a313a2231223b61646d696e5f69647c733a313a2233223b6c6f67696e5f757365725f69647c733a313a2233223b6e616d657c733a303a22223b6c6f67696e5f747970657c733a353a2261646d696e223b),
('9d9b7d0729987c50558e77c294986c5c3b3a2ba1', '127.0.0.1', 1503429967, 0x5f5f63695f6c6173745f726567656e65726174657c693a313530333432393833343b61646d696e5f6c6f67696e7c733a313a2231223b61646d696e5f69647c733a313a2233223b6c6f67696e5f757365725f69647c733a313a2233223b6e616d657c733a303a22223b6c6f67696e5f747970657c733a353a2261646d696e223b),
('a2569c612f977fb2da7d3b9470a214544b61af7d', '127.0.0.1', 1503426321, 0x5f5f63695f6c6173745f726567656e65726174657c693a313530333432363330343b61646d696e5f6c6f67696e7c733a313a2231223b61646d696e5f69647c733a313a2233223b6c6f67696e5f757365725f69647c733a313a2233223b6e616d657c733a303a22223b6c6f67696e5f747970657c733a353a2261646d696e223b),
('a3d04937828558de68f9f1ec28fc5735357fe296', '127.0.0.1', 1503351147, 0x5f5f63695f6c6173745f726567656e65726174657c693a313530333335313134373b61646d696e5f6c6f67696e7c733a313a2231223b61646d696e5f69647c733a313a2233223b6c6f67696e5f757365725f69647c733a313a2233223b6e616d657c733a303a22223b6c6f67696e5f747970657c733a353a2261646d696e223b),
('a5831d5cb94056c365ff3c5ff2b248bc73bb5340', '127.0.0.1', 1503358828, 0x5f5f63695f6c6173745f726567656e65726174657c693a313530333335383630323b61646d696e5f6c6f67696e7c733a313a2231223b61646d696e5f69647c733a313a2233223b6c6f67696e5f757365725f69647c733a313a2233223b6e616d657c733a303a22223b6c6f67696e5f747970657c733a353a2261646d696e223b),
('a71587aebb20431c9d97dc5210ad67eb33fd630d', '127.0.0.1', 1503365016, 0x5f5f63695f6c6173745f726567656e65726174657c693a313530333336343736313b61646d696e5f6c6f67696e7c733a313a2231223b61646d696e5f69647c733a313a2233223b6c6f67696e5f757365725f69647c733a313a2233223b6e616d657c733a303a22223b6c6f67696e5f747970657c733a353a2261646d696e223b),
('aa69dd7bafdd0163b35a57059dfd32c21ad8201a', '127.0.0.1', 1503366336, 0x5f5f63695f6c6173745f726567656e65726174657c693a313530333336363130393b61646d696e5f6c6f67696e7c733a313a2231223b61646d696e5f69647c733a313a2233223b6c6f67696e5f757365725f69647c733a313a2233223b6e616d657c733a303a22223b6c6f67696e5f747970657c733a353a2261646d696e223b),
('ad9a5f7560f4904369ffef7655f8ae313b073542', '127.0.0.1', 1503591386, 0x5f5f63695f6c6173745f726567656e65726174657c693a313530333539313337383b61646d696e5f6c6f67696e7c733a313a2231223b61646d696e5f69647c733a313a2233223b6c6f67696e5f757365725f69647c733a313a2233223b6e616d657c733a303a22223b6c6f67696e5f747970657c733a353a2261646d696e223b),
('add086c6cdfadaba9fccd0f19badc45dba271dcb', '127.0.0.1', 1504029312, 0x5f5f63695f6c6173745f726567656e65726174657c693a313530343032393032303b61646d696e5f6c6f67696e7c733a313a2231223b61646d696e5f69647c733a313a2233223b6c6f67696e5f757365725f69647c733a313a2233223b6e616d657c733a31343a2241646d696e696e73747261746f72223b6c6f67696e5f747970657c733a353a2261646d696e223b),
('afe561211e4a235ed1c24c7de954f971484f544a', '127.0.0.1', 1503364609, 0x5f5f63695f6c6173745f726567656e65726174657c693a313530333336343430383b61646d696e5f6c6f67696e7c733a313a2231223b61646d696e5f69647c733a313a2233223b6c6f67696e5f757365725f69647c733a313a2233223b6e616d657c733a303a22223b6c6f67696e5f747970657c733a353a2261646d696e223b),
('b2f11b2626df7ed51a23d7bfead24dc56d607036', '127.0.0.1', 1503367406, 0x5f5f63695f6c6173745f726567656e65726174657c693a313530333336373231313b61646d696e5f6c6f67696e7c733a313a2231223b61646d696e5f69647c733a313a2233223b6c6f67696e5f757365725f69647c733a313a2233223b6e616d657c733a303a22223b6c6f67696e5f747970657c733a353a2261646d696e223b),
('b61d83cec3b0677dad7f4fd8b9a3732ef545b572', '127.0.0.1', 1503357831, 0x5f5f63695f6c6173745f726567656e65726174657c693a313530333335373631303b61646d696e5f6c6f67696e7c733a313a2231223b61646d696e5f69647c733a313a2233223b6c6f67696e5f757365725f69647c733a313a2233223b6e616d657c733a303a22223b6c6f67696e5f747970657c733a353a2261646d696e223b),
('b784a5f12d8b0f0a7926c856cd7223c089988a15', '127.0.0.1', 1503362627, 0x5f5f63695f6c6173745f726567656e65726174657c693a313530333336323430393b61646d696e5f6c6f67696e7c733a313a2231223b61646d696e5f69647c733a313a2233223b6c6f67696e5f757365725f69647c733a313a2233223b6e616d657c733a303a22223b6c6f67696e5f747970657c733a353a2261646d696e223b),
('ba63a61ecc43f01d9db103d941af89b55bab7bfe', '127.0.0.1', 1503356091, 0x5f5f63695f6c6173745f726567656e65726174657c693a313530333335353835333b61646d696e5f6c6f67696e7c733a313a2231223b61646d696e5f69647c733a313a2233223b6c6f67696e5f757365725f69647c733a313a2233223b6e616d657c733a303a22223b6c6f67696e5f747970657c733a353a2261646d696e223b),
('baf8a2b3c80da3bea8ca65b76ab7fa0e0ec321e6', '127.0.0.1', 1504027909, 0x5f5f63695f6c6173745f726567656e65726174657c693a313530343032373635303b61646d696e5f6c6f67696e7c733a313a2231223b61646d696e5f69647c733a313a2233223b6c6f67696e5f757365725f69647c733a313a2233223b6e616d657c733a31343a2241646d696e696e73747261746f72223b6c6f67696e5f747970657c733a353a2261646d696e223b),
('beabc0d67e2df6e4ca61f0dcc5fbbeba4e9ea244', '127.0.0.1', 1504028552, 0x5f5f63695f6c6173745f726567656e65726174657c693a313530343032383531343b61646d696e5f6c6f67696e7c733a313a2231223b61646d696e5f69647c733a313a2233223b6c6f67696e5f757365725f69647c733a313a2233223b6e616d657c733a31343a2241646d696e696e73747261746f72223b6c6f67696e5f747970657c733a353a2261646d696e223b),
('c44f3225442585bcf2cfefa7d6c2909e75932b2f', '127.0.0.1', 1503362323, 0x5f5f63695f6c6173745f726567656e65726174657c693a313530333336323037393b61646d696e5f6c6f67696e7c733a313a2231223b61646d696e5f69647c733a313a2233223b6c6f67696e5f757365725f69647c733a313a2233223b6e616d657c733a303a22223b6c6f67696e5f747970657c733a353a2261646d696e223b),
('c8f924c1ece11963f54b42368851c85f418aeebc', '127.0.0.1', 1503365743, 0x5f5f63695f6c6173745f726567656e65726174657c693a313530333336353434333b61646d696e5f6c6f67696e7c733a313a2231223b61646d696e5f69647c733a313a2233223b6c6f67696e5f757365725f69647c733a313a2233223b6e616d657c733a303a22223b6c6f67696e5f747970657c733a353a2261646d696e223b),
('cd39e34cda16dca7987c8aa6d6e927dcf34f1acb', '127.0.0.1', 1503427517, 0x5f5f63695f6c6173745f726567656e65726174657c693a313530333432373531333b61646d696e5f6c6f67696e7c733a313a2231223b61646d696e5f69647c733a313a2233223b6c6f67696e5f757365725f69647c733a313a2233223b6e616d657c733a303a22223b6c6f67696e5f747970657c733a353a2261646d696e223b),
('cd5844b075dda2e996f336d1ad704ee7e7d3f2cf', '127.0.0.1', 1504026841, 0x5f5f63695f6c6173745f726567656e65726174657c693a313530343032363634323b61646d696e5f6c6f67696e7c733a313a2231223b61646d696e5f69647c733a313a2233223b6c6f67696e5f757365725f69647c733a313a2233223b6e616d657c733a31343a2241646d696e696e73747261746f72223b6c6f67696e5f747970657c733a353a2261646d696e223b),
('cf52a6488231aebb0550be4e8706c98e5d253535', '127.0.0.1', 1503363717, 0x5f5f63695f6c6173745f726567656e65726174657c693a313530333336333435313b61646d696e5f6c6f67696e7c733a313a2231223b61646d696e5f69647c733a313a2233223b6c6f67696e5f757365725f69647c733a313a2233223b6e616d657c733a303a22223b6c6f67696e5f747970657c733a353a2261646d696e223b),
('d130b45c77c1fa8dfab433158c56d21c8f5502c7', '127.0.0.1', 1503354273, 0x5f5f63695f6c6173745f726567656e65726174657c693a313530333335343133393b61646d696e5f6c6f67696e7c733a313a2231223b61646d696e5f69647c733a313a2233223b6c6f67696e5f757365725f69647c733a313a2233223b6e616d657c733a303a22223b6c6f67696e5f747970657c733a353a2261646d696e223b),
('d411fee681dbfbde43498232dbba714273d87919', '127.0.0.1', 1503351083, 0x5f5f63695f6c6173745f726567656e65726174657c693a313530333335303739353b61646d696e5f6c6f67696e7c733a313a2231223b61646d696e5f69647c733a313a2233223b6c6f67696e5f757365725f69647c733a313a2233223b6e616d657c733a303a22223b6c6f67696e5f747970657c733a353a2261646d696e223b),
('d4bba1573553f93eee866c0bd25f971d5c62349d', '127.0.0.1', 1504029694, 0x5f5f63695f6c6173745f726567656e65726174657c693a313530343032393432363b61646d696e5f6c6f67696e7c733a313a2231223b61646d696e5f69647c733a313a2233223b6c6f67696e5f757365725f69647c733a313a2233223b6e616d657c733a31343a2241646d696e696e73747261746f72223b6c6f67696e5f747970657c733a353a2261646d696e223b),
('d5e08e123ffdc13925a281651e0ca63cc8b83311', '127.0.0.1', 1503386997, 0x5f5f63695f6c6173745f726567656e65726174657c693a313530333338363939373b),
('d8293d781f555cd13fcbc667d18dd76500e244cf', '127.0.0.1', 1503349627, 0x5f5f63695f6c6173745f726567656e65726174657c693a313530333334393334333b61646d696e5f6c6f67696e7c733a313a2231223b61646d696e5f69647c733a313a2233223b6c6f67696e5f757365725f69647c733a313a2233223b6e616d657c733a303a22223b6c6f67696e5f747970657c733a353a2261646d696e223b),
('d9ea19c8cd01ae4d1fd25930dcbd1af01bca3001', '127.0.0.1', 1504025947, 0x5f5f63695f6c6173745f726567656e65726174657c693a313530343032353635343b61646d696e5f6c6f67696e7c733a313a2231223b61646d696e5f69647c733a313a2233223b6c6f67696e5f757365725f69647c733a313a2233223b6e616d657c733a31343a2241646d696e696e73747261746f72223b6c6f67696e5f747970657c733a353a2261646d696e223b),
('dc721f5f008656e775546237477009429ac5c213', '127.0.0.1', 1504031204, 0x5f5f63695f6c6173745f726567656e65726174657c693a313530343033303930383b61646d696e5f6c6f67696e7c733a313a2231223b61646d696e5f69647c733a313a2233223b6c6f67696e5f757365725f69647c733a313a2233223b6e616d657c733a31343a2241646d696e696e73747261746f72223b6c6f67696e5f747970657c733a353a2261646d696e223b),
('dfea4273cefe1a30ef291b0296354f9bba43dfd7', '127.0.0.1', 1504031624, 0x5f5f63695f6c6173745f726567656e65726174657c693a313530343033313537323b61646d696e5f6c6f67696e7c733a313a2231223b61646d696e5f69647c733a313a2233223b6c6f67696e5f757365725f69647c733a313a2233223b6e616d657c733a31343a2241646d696e696e73747261746f72223b6c6f67696e5f747970657c733a353a2261646d696e223b),
('e283c745d5a4e6d0b701d0923adab5f3105fd9ec', '127.0.0.1', 1503356620, 0x5f5f63695f6c6173745f726567656e65726174657c693a313530333335363632303b61646d696e5f6c6f67696e7c733a313a2231223b61646d696e5f69647c733a313a2233223b6c6f67696e5f757365725f69647c733a313a2233223b6e616d657c733a303a22223b6c6f67696e5f747970657c733a353a2261646d696e223b),
('e2c97ddb3b5ad108c10bfca8a335747aa17b389c', '127.0.0.1', 1503514744, 0x5f5f63695f6c6173745f726567656e65726174657c693a313530333531343435373b61646d696e5f6c6f67696e7c733a313a2231223b61646d696e5f69647c733a313a2233223b6c6f67696e5f757365725f69647c733a313a2233223b6e616d657c733a303a22223b6c6f67696e5f747970657c733a353a2261646d696e223b),
('eef4653470c4e9bb38dd92d2073212964040a0d2', '127.0.0.1', 1503355082, 0x5f5f63695f6c6173745f726567656e65726174657c693a313530333335343739303b61646d696e5f6c6f67696e7c733a313a2231223b61646d696e5f69647c733a313a2233223b6c6f67696e5f757365725f69647c733a313a2233223b6e616d657c733a303a22223b6c6f67696e5f747970657c733a353a2261646d696e223b),
('eff4a6e723fa193941166d82847b65cf939fa491', '127.0.0.1', 1504031509, 0x5f5f63695f6c6173745f726567656e65726174657c693a313530343033313231333b61646d696e5f6c6f67696e7c733a313a2231223b61646d696e5f69647c733a313a2233223b6c6f67696e5f757365725f69647c733a313a2233223b6e616d657c733a31343a2241646d696e696e73747261746f72223b6c6f67696e5f747970657c733a353a2261646d696e223b),
('f5282780a8c38b0b0c74105502ecc013a417b3ab', '127.0.0.1', 1504029893, 0x5f5f63695f6c6173745f726567656e65726174657c693a313530343032393839333b),
('f7f328228b8790e55d4aef520965b92791ae8c77', '127.0.0.1', 1503361884, 0x5f5f63695f6c6173745f726567656e65726174657c693a313530333336313538333b61646d696e5f6c6f67696e7c733a313a2231223b61646d696e5f69647c733a313a2233223b6c6f67696e5f757365725f69647c733a313a2233223b6e616d657c733a303a22223b6c6f67696e5f747970657c733a353a2261646d696e223b);

-- --------------------------------------------------------

--
-- Table structure for table `class`
--

CREATE TABLE IF NOT EXISTS `class` (
  `class_id` int(11) NOT NULL AUTO_INCREMENT,
  `name` longtext COLLATE utf8_unicode_ci NOT NULL,
  `name_numeric` longtext COLLATE utf8_unicode_ci NOT NULL,
  `teacher_id` int(11) NOT NULL,
  PRIMARY KEY (`class_id`)
) ENGINE=InnoDB  DEFAULT CHARSET=utf8 COLLATE=utf8_unicode_ci AUTO_INCREMENT=5 ;

--
-- Dumping data for table `class`
--

INSERT INTO `class` (`class_id`, `name`, `name_numeric`, `teacher_id`) VALUES
(2, 'KG', 'KG1', 2),
(3, 'Primary One', 'Primary 1', 2),
(4, 'PRIMARY THREE', 'PRY 3', 4);

-- --------------------------------------------------------

--
-- Table structure for table `class_routine`
--

CREATE TABLE IF NOT EXISTS `class_routine` (
  `class_routine_id` int(11) NOT NULL AUTO_INCREMENT,
  `class_id` int(11) NOT NULL,
  `subject_id` int(11) NOT NULL,
  `time_start` int(11) NOT NULL,
  `time_end` int(11) NOT NULL,
  `time_start_min` int(11) NOT NULL,
  `time_end_min` int(11) NOT NULL,
  `day` longtext COLLATE utf8_unicode_ci NOT NULL,
  PRIMARY KEY (`class_routine_id`)
) ENGINE=InnoDB DEFAULT CHARSET=utf8 COLLATE=utf8_unicode_ci AUTO_INCREMENT=1 ;

-- --------------------------------------------------------

--
-- Table structure for table `club`
--

CREATE TABLE IF NOT EXISTS `club` (
  `club_id` int(11) NOT NULL AUTO_INCREMENT,
  `club_name` longtext CHARACTER SET utf8 COLLATE utf8_unicode_ci NOT NULL,
  `desc` longtext CHARACTER SET utf8 COLLATE utf8_unicode_ci NOT NULL,
  PRIMARY KEY (`club_id`)
) ENGINE=InnoDB  DEFAULT CHARSET=latin1 AUTO_INCREMENT=4 ;

--
-- Dumping data for table `club`
--

INSERT INTO `club` (`club_id`, `club_name`, `desc`) VALUES
(1, 'Science', 'This is just the most important aspect of clubs'),
(3, 'Jet Club', 'This is for those that want to go into engineering fields');

-- --------------------------------------------------------

--
-- Table structure for table `document`
--

CREATE TABLE IF NOT EXISTS `document` (
  `document_id` int(11) NOT NULL AUTO_INCREMENT,
  `title` longtext COLLATE utf8_unicode_ci NOT NULL,
  `description` longtext COLLATE utf8_unicode_ci NOT NULL,
  `file_name` longtext COLLATE utf8_unicode_ci NOT NULL,
  `file_type` longtext COLLATE utf8_unicode_ci NOT NULL,
  `class_id` longtext COLLATE utf8_unicode_ci NOT NULL,
  `teacher_id` int(11) NOT NULL,
  `timestamp` longtext COLLATE utf8_unicode_ci NOT NULL,
  PRIMARY KEY (`document_id`)
) ENGINE=MyISAM  DEFAULT CHARSET=utf8 COLLATE=utf8_unicode_ci AUTO_INCREMENT=6 ;

--
-- Dumping data for table `document`
--

INSERT INTO `document` (`document_id`, `title`, `description`, `file_name`, `file_type`, `class_id`, `teacher_id`, `timestamp`) VALUES
(5, 'assignment', 'assignment', 'SIMULATION COMPLETE SOFTWARE.doc', 'doc', '1', 0, '1499731200'),
(4, 'Investment| Management System', 'Investment| Management System. This is the information am talking about2', 'OLAWUYI.docx', 'doc', '2', 0, '1500495420');

-- --------------------------------------------------------

--
-- Table structure for table `dormitory`
--

CREATE TABLE IF NOT EXISTS `dormitory` (
  `dormitory_id` int(11) NOT NULL AUTO_INCREMENT,
  `name` longtext COLLATE utf8_unicode_ci NOT NULL,
  `number_of_room` longtext COLLATE utf8_unicode_ci NOT NULL,
  `description` longtext COLLATE utf8_unicode_ci NOT NULL,
  PRIMARY KEY (`dormitory_id`)
) ENGINE=MyISAM  DEFAULT CHARSET=utf8 COLLATE=utf8_unicode_ci AUTO_INCREMENT=5 ;

--
-- Dumping data for table `dormitory`
--

INSERT INTO `dormitory` (`dormitory_id`, `name`, `number_of_room`, `description`) VALUES
(1, 'Main Hall', '402', 'Very Clean Apartment'),
(3, 'New building', '1000', 'For all students');

-- --------------------------------------------------------

--
-- Table structure for table `enquiry`
--

CREATE TABLE IF NOT EXISTS `enquiry` (
  `enquiry_id` int(11) NOT NULL AUTO_INCREMENT,
  `category` longtext CHARACTER SET utf8 COLLATE utf8_unicode_ci NOT NULL,
  `mobile` longtext CHARACTER SET utf8 COLLATE utf8_unicode_ci NOT NULL,
  `purpose` longtext CHARACTER SET utf8 COLLATE utf8_unicode_ci NOT NULL,
  `name` longtext CHARACTER SET utf8 COLLATE utf8_unicode_ci NOT NULL,
  `whom_to_meet` longtext CHARACTER SET utf8 COLLATE utf8_unicode_ci NOT NULL,
  `date` timestamp NOT NULL DEFAULT CURRENT_TIMESTAMP,
  PRIMARY KEY (`enquiry_id`)
) ENGINE=InnoDB  DEFAULT CHARSET=latin1 AUTO_INCREMENT=5 ;

--
-- Dumping data for table `enquiry`
--

INSERT INTO `enquiry` (`enquiry_id`, `category`, `mobile`, `purpose`, `name`, `whom_to_meet`, `date`) VALUES
(1, 'Parent', '08033527716', 'For Admission', 'Optimum Linkup Universal Concepts', 'Teacher', '0000-00-00 00:00:00'),
(4, 'Guardian', '08033527716', 'Payment Coolection', 'OPtimum Linkup Computers', 'Administrative Office', '2017-07-05 02:55:07');

-- --------------------------------------------------------

--
-- Table structure for table `enquiry_category`
--

CREATE TABLE IF NOT EXISTS `enquiry_category` (
  `enquirycat_id` int(11) NOT NULL AUTO_INCREMENT,
  `category` longtext CHARACTER SET utf8 COLLATE utf8_unicode_ci NOT NULL,
  `purpose` longtext CHARACTER SET utf8 COLLATE utf8_unicode_ci NOT NULL,
  `whom` longtext CHARACTER SET utf8 COLLATE utf8_unicode_ci NOT NULL,
  PRIMARY KEY (`enquirycat_id`)
) ENGINE=InnoDB  DEFAULT CHARSET=latin1 AUTO_INCREMENT=9 ;

--
-- Dumping data for table `enquiry_category`
--

INSERT INTO `enquiry_category` (`enquirycat_id`, `category`, `purpose`, `whom`) VALUES
(1, 'Parent', 'For Admission', 'Teacher'),
(2, 'Vendors', 'Student Performance', 'Principal'),
(3, 'School Staff', 'Bill Submit', 'Administrative Office'),
(4, 'Service Man', 'Payment Collection', 'Director'),
(5, 'Others', 'Complain by Parent', 'Reception'),
(6, 'Visitors', 'Student Leave Early', 'Others'),
(8, 'Guardian', 'PTA', 'Student');

-- --------------------------------------------------------

--
-- Table structure for table `enroll`
--

CREATE TABLE IF NOT EXISTS `enroll` (
  `enroll_id` int(11) NOT NULL AUTO_INCREMENT,
  `student_id` int(11) NOT NULL,
  `from_class_id` int(11) NOT NULL,
  `to_class_id` int(11) NOT NULL,
  PRIMARY KEY (`enroll_id`)
) ENGINE=InnoDB  DEFAULT CHARSET=utf8 AUTO_INCREMENT=8 ;

--
-- Dumping data for table `enroll`
--

INSERT INTO `enroll` (`enroll_id`, `student_id`, `from_class_id`, `to_class_id`) VALUES
(1, 5, 2, 3),
(2, 8, 3, 4),
(3, 9, 3, 4),
(4, 14, 3, 4),
(5, 11, 2, 3),
(6, 13, 2, 3),
(7, 15, 2, 3);

-- --------------------------------------------------------

--
-- Table structure for table `exam`
--

CREATE TABLE IF NOT EXISTS `exam` (
  `exam_id` int(11) NOT NULL AUTO_INCREMENT,
  `name` longtext COLLATE utf8_unicode_ci NOT NULL,
  `date` longtext COLLATE utf8_unicode_ci NOT NULL,
  `comment` longtext COLLATE utf8_unicode_ci NOT NULL,
  PRIMARY KEY (`exam_id`)
) ENGINE=InnoDB  DEFAULT CHARSET=utf8 COLLATE=utf8_unicode_ci AUTO_INCREMENT=3 ;

--
-- Dumping data for table `exam`
--

INSERT INTO `exam` (`exam_id`, `name`, `date`, `comment`) VALUES
(1, 'Maths', '07/05/2017', 'This wil commence on the stipulated period of time'),
(2, 'English', '08/21/2017', 'This is the test exam.');

-- --------------------------------------------------------

--
-- Table structure for table `examquestion`
--

CREATE TABLE IF NOT EXISTS `examquestion` (
  `examquestion_id` int(11) NOT NULL AUTO_INCREMENT,
  `name` longtext CHARACTER SET utf8 COLLATE utf8_unicode_ci NOT NULL,
  `title` longtext CHARACTER SET utf8 COLLATE utf8_unicode_ci NOT NULL,
  `description` longtext CHARACTER SET utf8 COLLATE utf8_unicode_ci NOT NULL,
  `file_name` longtext CHARACTER SET utf8 COLLATE utf8_unicode_ci NOT NULL,
  `file_type` longtext CHARACTER SET utf8 COLLATE utf8_unicode_ci NOT NULL,
  `class_id` longtext CHARACTER SET utf8 COLLATE utf8_unicode_ci NOT NULL,
  `timestamp` longtext CHARACTER SET utf8 COLLATE utf8_unicode_ci NOT NULL,
  `status` longtext NOT NULL,
  PRIMARY KEY (`examquestion_id`)
) ENGINE=InnoDB  DEFAULT CHARSET=latin1 AUTO_INCREMENT=9 ;

--
-- Dumping data for table `examquestion`
--

INSERT INTO `examquestion` (`examquestion_id`, `name`, `title`, `description`, `file_name`, `file_type`, `class_id`, `timestamp`, `status`) VALUES
(8, 'Optimum', 'Mathematics', 'THIS EXAM IS FOR PRIMARY ONE PUPILS, PLEASE READ AND GIVE FEEDBACK SIR. THANKS', 'FOLUSO.docx', '', '3', 'Sat, 08 July 2017', 'Approved');

-- --------------------------------------------------------

--
-- Table structure for table `exam_result`
--

CREATE TABLE IF NOT EXISTS `exam_result` (
  `result_id` int(11) NOT NULL AUTO_INCREMENT,
  `student_id` int(11) DEFAULT NULL,
  `question_id` int(11) DEFAULT NULL,
  `answer` varchar(5) DEFAULT NULL,
  PRIMARY KEY (`result_id`)
) ENGINE=MyISAM  DEFAULT CHARSET=utf8 AUTO_INCREMENT=220 ;

-- --------------------------------------------------------

--
-- Table structure for table `expense_category`
--

CREATE TABLE IF NOT EXISTS `expense_category` (
  `expense_category_id` int(11) NOT NULL AUTO_INCREMENT,
  `name` longtext COLLATE utf8_unicode_ci NOT NULL,
  PRIMARY KEY (`expense_category_id`)
) ENGINE=InnoDB  DEFAULT CHARSET=utf8 COLLATE=utf8_unicode_ci AUTO_INCREMENT=6 ;

--
-- Dumping data for table `expense_category`
--

INSERT INTO `expense_category` (`expense_category_id`, `name`) VALUES
(1, 'Teacher Salary'),
(2, 'Classroom Equipments'),
(3, 'Classroom Decorations'),
(4, 'Inventory Purchase'),
(5, 'Exam Accessories');

-- --------------------------------------------------------

--
-- Table structure for table `front_end`
--

CREATE TABLE IF NOT EXISTS `front_end` (
  `front_id` int(11) NOT NULL AUTO_INCREMENT,
  `type` longtext CHARACTER SET utf8 COLLATE utf8_unicode_ci NOT NULL,
  `description` longtext CHARACTER SET utf8 COLLATE utf8_unicode_ci NOT NULL,
  PRIMARY KEY (`front_id`)
) ENGINE=InnoDB  DEFAULT CHARSET=latin1 AUTO_INCREMENT=8 ;

--
-- Dumping data for table `front_end`
--

INSERT INTO `front_end` (`front_id`, `type`, `description`) VALUES
(3, 'about_us', ' Welcome to the bank of the 22nd Century. Bank Emerald is a bank that provides innovative solutions for all. We provide 36% interest per annum on all your deposits or 1% monthly on all your deposits. Fund your account instantly and withdraw instantly. Invest in your future today. '),
(4, 'vission', 'VISSION The first stage is to have you fund your wallet instantly and invest in Bank Emerald1'),
(5, 'mission', 'MISSION The first stage is to have you fund your wallet instantly and invest in Bank Emerald1'),
(6, 'goal', 'GOAL The first stage is to have you fund your wallet instantly and invest in Bank Emerald1'),
(7, 'services', 'SERVICES At Bank Emerald, our range of services are as below with description. Services we render are reliable and profitable.');

-- --------------------------------------------------------

--
-- Table structure for table `grade`
--

CREATE TABLE IF NOT EXISTS `grade` (
  `grade_id` int(11) NOT NULL AUTO_INCREMENT,
  `name` longtext COLLATE utf8_unicode_ci NOT NULL,
  `grade_point` longtext COLLATE utf8_unicode_ci NOT NULL,
  `mark_from` int(11) NOT NULL,
  `mark_upto` int(11) NOT NULL,
  `comment` longtext COLLATE utf8_unicode_ci NOT NULL,
  PRIMARY KEY (`grade_id`)
) ENGINE=InnoDB  DEFAULT CHARSET=utf8 COLLATE=utf8_unicode_ci AUTO_INCREMENT=2 ;

--
-- Dumping data for table `grade`
--

INSERT INTO `grade` (`grade_id`, `name`, `grade_point`, `mark_from`, `mark_upto`, `comment`) VALUES
(1, 'test grade', '5', 0, 100, 'this is a test for grade');

-- --------------------------------------------------------

--
-- Table structure for table `help_desk`
--

CREATE TABLE IF NOT EXISTS `help_desk` (
  `helpdesk_id` int(11) NOT NULL AUTO_INCREMENT,
  `name` longtext CHARACTER SET utf8 COLLATE utf8_unicode_ci NOT NULL,
  `purpose` longtext CHARACTER SET utf8 COLLATE utf8_unicode_ci NOT NULL,
  `content` longtext CHARACTER SET utf8 COLLATE utf8_unicode_ci NOT NULL,
  PRIMARY KEY (`helpdesk_id`)
) ENGINE=InnoDB  DEFAULT CHARSET=latin1 AUTO_INCREMENT=5 ;

--
-- Dumping data for table `help_desk`
--

INSERT INTO `help_desk` (`helpdesk_id`, `name`, `purpose`, `content`) VALUES
(3, 'Omololu Esther', 'Payment Collection', 'We not able to pay school fees all the time please find solution to this problem as soon as possible'),
(4, 'TUNDE ALOWO', 'SCHOOL FEES PAYMENT', 'I WANT TO MAKE NOTICE TO THE MANAGEMENT THAT I WAS UNABLE TO MAKE PAYMENT OF MY SCHOOL FEES. THANKS FOR YOUR UNDERSTANDNG');

-- --------------------------------------------------------

--
-- Table structure for table `help_link`
--

CREATE TABLE IF NOT EXISTS `help_link` (
  `helplink_id` int(11) NOT NULL AUTO_INCREMENT,
  `title` longtext CHARACTER SET utf8 COLLATE utf8_unicode_ci NOT NULL,
  `link` longtext CHARACTER SET utf8 COLLATE utf8_unicode_ci NOT NULL,
  PRIMARY KEY (`helplink_id`)
) ENGINE=InnoDB  DEFAULT CHARSET=latin1 AUTO_INCREMENT=7 ;

--
-- Dumping data for table `help_link`
--

INSERT INTO `help_link` (`helplink_id`, `title`, `link`) VALUES
(3, 'THIS IS THE TITLE OF THE ASSIGNMENT', 'https://www.optimumlinkup.com.ng'),
(4, 'Introduction to Java Programming', 'https://www.optimumlinkup.com.ng'),
(6, 'JAVA VIDEO TUTORIAL', 'https://www.optimumlinkup.com.ng');

-- --------------------------------------------------------

--
-- Table structure for table `holiday`
--

CREATE TABLE IF NOT EXISTS `holiday` (
  `holiday_id` int(11) NOT NULL AUTO_INCREMENT,
  `title` longtext CHARACTER SET utf8 COLLATE utf8_unicode_ci NOT NULL,
  `holiday` longtext CHARACTER SET utf8 COLLATE utf8_unicode_ci NOT NULL,
  `date` longtext CHARACTER SET utf8 COLLATE utf8_unicode_ci NOT NULL,
  PRIMARY KEY (`holiday_id`)
) ENGINE=InnoDB  DEFAULT CHARSET=latin1 AUTO_INCREMENT=4 ;

--
-- Dumping data for table `holiday`
--

INSERT INTO `holiday` (`holiday_id`, `title`, `holiday`, `date`) VALUES
(2, 'JUNE 12', 'THERE IS GOING TO BE HOLIDAY SOON', 'Wed, 26 July 2017'),
(3, 'MAY 25', 'THERE IS GOING TO BE HOLIDAY SOON', 'Tue, 25 July 2017');

-- --------------------------------------------------------

--
-- Table structure for table `hostel`
--

CREATE TABLE IF NOT EXISTS `hostel` (
  `hostel_id` int(11) NOT NULL AUTO_INCREMENT,
  `name` longtext CHARACTER SET utf8 COLLATE utf8_unicode_ci NOT NULL,
  `birthday` longtext CHARACTER SET utf8 COLLATE utf8_unicode_ci NOT NULL,
  `sex` longtext CHARACTER SET utf8 COLLATE utf8_unicode_ci NOT NULL,
  `religion` longtext CHARACTER SET utf8 COLLATE utf8_unicode_ci NOT NULL,
  `blood_group` longtext CHARACTER SET utf8 COLLATE utf8_unicode_ci NOT NULL,
  `address` longtext CHARACTER SET utf8 COLLATE utf8_unicode_ci NOT NULL,
  `phone` longtext CHARACTER SET utf8 COLLATE utf8_unicode_ci NOT NULL,
  `email` longtext CHARACTER SET utf8 COLLATE utf8_unicode_ci NOT NULL,
  `password` longtext CHARACTER SET utf8 COLLATE utf8_unicode_ci NOT NULL,
  `authentication_key` longtext CHARACTER SET utf8 COLLATE utf8_unicode_ci NOT NULL,
  PRIMARY KEY (`hostel_id`)
) ENGINE=InnoDB  DEFAULT CHARSET=latin1 AUTO_INCREMENT=6 ;

--
-- Dumping data for table `hostel`
--

INSERT INTO `hostel` (`hostel_id`, `name`, `birthday`, `sex`, `religion`, `blood_group`, `address`, `phone`, `email`, `password`, `authentication_key`) VALUES
(2, 'Mr. Kilani', '06/19/2018', 'male', '', '', 'federal college of education', '8161662924', 'kilani@kilani.com', 'kilani', ''),
(5, 'hostel', '06/01/2014', 'male', '', '', 'FEDERAL COLLEGE OF EDUCATION, OSIELE ABEOKUTA OGUN STATE', '08033527716', 'hostel@hostel.com', 'hostel', '');

-- --------------------------------------------------------

--
-- Table structure for table `invoice`
--

CREATE TABLE IF NOT EXISTS `invoice` (
  `invoice_id` int(11) NOT NULL AUTO_INCREMENT,
  `student_id` int(11) NOT NULL,
  `title` longtext COLLATE utf8_unicode_ci NOT NULL,
  `description` longtext COLLATE utf8_unicode_ci NOT NULL,
  `amount` int(11) NOT NULL,
  `amount_paid` longtext COLLATE utf8_unicode_ci NOT NULL,
  `due` longtext COLLATE utf8_unicode_ci NOT NULL,
  `creation_timestamp` int(11) NOT NULL,
  `payment_timestamp` longtext COLLATE utf8_unicode_ci NOT NULL,
  `payment_method` longtext COLLATE utf8_unicode_ci NOT NULL,
  `payment_details` longtext COLLATE utf8_unicode_ci NOT NULL,
  `status` longtext COLLATE utf8_unicode_ci NOT NULL COMMENT 'paid or unpaid',
  PRIMARY KEY (`invoice_id`)
) ENGINE=MyISAM  DEFAULT CHARSET=utf8 COLLATE=utf8_unicode_ci AUTO_INCREMENT=2 ;

--
-- Dumping data for table `invoice`
--

INSERT INTO `invoice` (`invoice_id`, `student_id`, `title`, `description`, `amount`, `amount_paid`, `due`, `creation_timestamp`, `payment_timestamp`, `payment_method`, `payment_details`, `status`) VALUES
(1, 5, 'PAYMENT FOR SCHOOL FEES', 'YOU ARE TO PAY THE MONEY WITHING THE STIPULATED PERIOD OF TIME', 500000, '500000', '0', 1499472000, '', '', '', 'unpaid');

-- --------------------------------------------------------

--
-- Table structure for table `language`
--

CREATE TABLE IF NOT EXISTS `language` (
  `phrase_id` int(11) NOT NULL AUTO_INCREMENT,
  `phrase` longtext COLLATE utf8_unicode_ci NOT NULL,
  `english` longtext COLLATE utf8_unicode_ci NOT NULL,
  `bengali` longtext COLLATE utf8_unicode_ci NOT NULL,
  `spanish` longtext COLLATE utf8_unicode_ci NOT NULL,
  `arabic` longtext COLLATE utf8_unicode_ci NOT NULL,
  `dutch` longtext COLLATE utf8_unicode_ci NOT NULL,
  `russian` longtext COLLATE utf8_unicode_ci NOT NULL,
  `chinese` longtext COLLATE utf8_unicode_ci NOT NULL,
  `turkish` longtext COLLATE utf8_unicode_ci NOT NULL,
  `portuguese` longtext COLLATE utf8_unicode_ci NOT NULL,
  `hungarian` longtext COLLATE utf8_unicode_ci NOT NULL,
  `french` longtext COLLATE utf8_unicode_ci NOT NULL,
  `greek` longtext COLLATE utf8_unicode_ci NOT NULL,
  `german` longtext COLLATE utf8_unicode_ci NOT NULL,
  `italian` longtext COLLATE utf8_unicode_ci NOT NULL,
  `thai` longtext COLLATE utf8_unicode_ci NOT NULL,
  `urdu` longtext COLLATE utf8_unicode_ci NOT NULL,
  `hindi` longtext COLLATE utf8_unicode_ci NOT NULL,
  `latin` longtext COLLATE utf8_unicode_ci NOT NULL,
  `indonesian` longtext COLLATE utf8_unicode_ci NOT NULL,
  `japanese` longtext COLLATE utf8_unicode_ci NOT NULL,
  `korean` longtext COLLATE utf8_unicode_ci NOT NULL,
  PRIMARY KEY (`phrase_id`)
) ENGINE=MyISAM  DEFAULT CHARSET=utf8 COLLATE=utf8_unicode_ci AUTO_INCREMENT=670 ;

--
-- Dumping data for table `language`
--

INSERT INTO `language` (`phrase_id`, `phrase`, `english`, `bengali`, `spanish`, `arabic`, `dutch`, `russian`, `chinese`, `turkish`, `portuguese`, `hungarian`, `french`, `greek`, `german`, `italian`, `thai`, `urdu`, `hindi`, `latin`, `indonesian`, `japanese`, `korean`) VALUES
(1, 'login', 'login', '', 'login', '', 'login', '', '', 'giri', 'login', 'bejelentkezs', 'Connexion', '', 'Login', 'login', '', ' ', '', 'login', 'login', '', ''),
(2, 'account_type', 'account type', ' ', 'tipo de cuenta', ' ', 'type account', ' ', '', 'hesap tr', 'tipo de conta', 'fik tpust', 'Type de compte', '   ', 'Kontotyp', 'tipo di account', '', '  ', ' ', 'propter speciem', 'Jenis akun', '', ' '),
(3, 'admin', 'admin', '', 'administracin', '', 'admin', '', '', 'ynetim', 'administrador', 'admin', 'administrateur', ' admin', 'Admin', 'Admin', '', '', '', 'Lorem ipsum dolor sit', 'admin', '', ''),
(4, 'teacher', 'teacher', '', 'profesor', '', 'leraar', '', '', 'retmen', 'professor', 'tanr', 'professeur', '', 'Lehrer', 'insegnante', '', '', '', 'Magister', 'guru', '', ''),
(5, 'student', 'student', '', 'estudiante', '', 'student', '', '', 'renci', 'estudante', 'dik', 'tudiant', '', 'Schler', 'studente', '', ' ', '', 'discipulo', 'mahasiswa', '', ''),
(6, 'parent', 'parent', '  ', 'padre', '', 'ouder', '', '', 'ebeveyn', 'parente', 'szl', 'mre', ' ', 'Elternteil', 'genitore', '', '', ' - ', 'parente', 'induk', '', ''),
(7, 'email', 'email', '', 'email', ' ', 'e-mail', '  ', '', 'E-posta', 'e-mail', 'E-mail', 'email', 'e-mail', 'E-Mail-', 'e-mail', '', ' ', '', 'email', 'email', '', ''),
(8, 'password', 'password', '', 'contrasea', ' ', 'wachtwoord', '', '', 'ifre', 'senha', 'jelsz', 'mot de passe', ' ', 'Passwort', 'password', '', '', '', 'Signum', 'kata sandi', '', ''),
(9, 'forgot_password ?', 'forgot password ?', '  ?', 'Olvid su contrasea?', '  ', 'wachtwoord vergeten?', ' ?', '', 'ifremi unuttum?', 'Esqueceu a senha?', 'Elfelejtett jelsz?', 'Mot de passe oubli?', '  ;', 'Passwort vergessen?', 'dimenticato la password?', '', '   ', '  ?', 'oblitus esne verbi?', 'lupa password?', '', '  ?'),
(10, 'reset_password', 'reset password', ' ', 'restablecer la contrasea', '   ', 'reset wachtwoord', ' ', '', 'ifrenizi sfrlamak', 'redefinir a senha', 'Jelsz visszalltsa', 'rinitialiser le mot de passe', '   ', 'Kennwort zurcksetzen', 'reimpostare la password', '', '   ', ' ', 'Duis adipiscing', 'reset password', '', ' '),
(11, 'reset', 'reset', ' ', 'reajustar', ' ', 'reset', '', '', 'ayarlamak', 'restabelecer', 'vissza', 'remettre', '', 'rcksetzen', 'reset', '', ' ', ' ', 'Duis', 'ulang', '', ''),
(12, 'admin_dashboard', 'admin dashboard', ' ', 'administrador salpicadero', '  ', 'admin dashboard', ' ', '', 'Admin paneli', 'Admin Dashboard', 'admin mszerfal', 'administrateur tableau de bord', '   ', 'Admin-Dashboard', 'Admin Dashboard', '', '  ', ' ', 'Lorem ipsum dolor sit Dashboard', 'admin dashboard', '', '  '),
(13, 'account', 'account', '', 'cuenta', '', 'rekening', '', '', 'hesap', 'conta', 'szmla', 'compte', '', 'Konto', 'conto', '', '', '', 'propter', 'rekening', '', ''),
(14, 'profile', 'profile', '', 'perfil', '', 'profiel', '', '', 'profil', 'perfil', 'profil', 'profil', '', 'Profil', 'profilo', '', '', '', 'profile', 'profil', '', ''),
(15, 'change_password', 'change password', ' ', 'cambiar la contrasea', '  ', 'wachtwoord wijzigen', ' ', '', 'ifresini deitirmek', 'alterar a senha', 'jelsz megvltoztatsa', 'changer le mot de passe', '   ', 'Kennwort ndern', 'cambiare la password', '', '  ', ' ', 'mutare password', 'mengubah password', '', ' '),
(16, 'logout', 'logout', ' ', 'logout', ' ', 'logout', '', '', 'logout', 'Sair', 'logout', 'Dconnexion', '', 'logout', 'Esci', '', '  ', '', 'logout', 'logout', '', ' '),
(17, 'panel', 'panel', '', 'panel', '', 'paneel', '', '', 'panel', 'painel', 'bizottsg', 'panneau', '', 'Platte', 'pannello', '', '', '', 'panel', 'panel', '', ''),
(18, 'dashboard_help', 'dashboard help', ' ', 'salpicadero ayuda', '  ', 'dashboard hulp', '  ', '', 'pano yardm', 'dashboard ajuda', 'mszerfal help', 'tableau de bord aide', ' ', 'Dashboard-Hilfe', 'dashboard aiuto', '', '  ', ' ', 'Dashboard auxilium', 'dashboard bantuan', '', '  '),
(19, 'dashboard', 'dashboard', '', 'salpicadero', ' ', 'dashboard', ' ', '', 'gsterge paneli', 'painel de instrumentos', 'mszerfal', 'tableau de bord', '', 'Armaturenbrett', 'cruscotto', '', ' ', '', 'Dashboard', 'dasbor', '', ''),
(20, 'student_help', 'student help', ' ', 'ayuda estudiantil', ' ', 'student hulp', ' ', '', 'renci yardm', 'ajuda estudante', 'dik segtsgvel', 'aide aux tudiants', ' ', 'Schler-Hilfe', 'help studente', '', '   ', ' ', 'Discipulus auxilium', 'membantu siswa', '', ' '),
(21, 'teacher_help', 'teacher help', ' ', 'ayuda del maestro', ' ', 'leraar hulp', ' ', '', 'retmen yardm', 'ajuda de professores', 'tanr segtsgvel', 'aide de l''enseignant', '  ', 'Lehrer-Hilfe', 'aiuto dell''insegnante', '', '  ', ' ', 'doctor auxilium', 'bantuan guru', '', ' '),
(22, 'subject_help', 'subject help', ' ', 'ayuda sujeto', ' ', 'Onderwerp hulp', ' ', '', 'konusu yardm', 'ajuda assunto', 'trgy segtsgvel', 'l''objet de l''aide', ' ', 'Thema Hilfe', 'Aiuto Subject', '', ' ', ' ', 'agitur salus', 'bantuan subjek', '', ' '),
(23, 'subject', 'subject', '', 'sujeto', '', 'onderwerp', '', '', 'konu', 'assunto', 'trgy', 'sujet', '', 'Thema', 'soggetto', '', '', '', 'agitur', 'subyek', '', ''),
(24, 'class_help', 'class help', ' ', 'clase de ayuda', ' ', 'klasse hulp', ' ', '', 'snf yardm', 'classe ajuda', 'osztly segtsgvel', 'aide de la classe', ' ', 'Klasse Hilfe', 'help classe', '', ' ', ' ', 'genus auxilii', 'kelas bantuan', '', ' '),
(25, 'class', 'class', '', 'clase', '', 'klasse', '', '', 'snf', 'classe', 'osztly', 'classe', '', 'Klasse', 'classe', '', '', '', 'class', 'kelas', '', ''),
(26, 'exam_help', 'exam help', ' ', 'ayuda examen', ' ', 'examen hulp', ' ', '', 'snav yardm', 'exame ajuda', 'vizsga help', 'aide  l''examen', ' ', 'Prfung Hilfe', 'esame di guida', '', ' ', ' ', 'ipsum Auxilium', 'ujian bantuan', '', ' '),
(27, 'exam', 'exam', '', 'examen', '', 'tentamen', '', '', 'snav', 'exame', 'vizsglat', 'exam', '', 'Prfung', 'esame', '', '', '', 'Lorem ipsum', 'ujian', '', ''),
(28, 'marks_help', 'marks help', ' ', 'marcas ayudan', ' ', 'markeringen helpen', ' ', '', 'iaretleri yardm', 'marcas ajudar', 'jelek segtenek', 'marques aident', ' ', 'Markierungen helfen', 'segni aiutano', '', ' ', ' ', 'notas auxilio', 'tanda membantu', '', '  '),
(29, 'marks-attendance', 'marks-attendance', '-', 'marcas-asistencia', '-', 'merken-deelname', '-', '', 'iaretleri-katlm', 'marcas de comparecimento', 'jelek-ellts', 'marques-participation', ' ', 'Marken-Teilnahme', 'marchi-presenze', '', ' ', ' ', 'signa eius ministrabant,', 'tanda-pertemuan', '', ' '),
(30, 'grade_help', 'grade help', ' ', 'ayuda de grado', ' ', 'leerjaar hulp', ' ', '', 'snf yardm', 'ajuda grau', 'fokozat help', 'aide de qualit', ' ', 'Grade-Hilfe', 'aiuto grade', '', ' ', ' ', 'gradus ope', 'kelas bantuan', '', ' '),
(31, 'exam-grade', 'exam-grade', ' ', 'examen de grado', ' ', 'examen-grade', ' ', '', 'snav notu', 'exame de grau', 'vizsga-grade', 'examen de qualit', ' ', 'Prfung-Grade', 'esami-grade', '', ' ', ' ', 'ipsum turpis,', 'ujian-grade', '', ' '),
(32, 'class_routine_help', 'class routine help', '  ', 'clase ayuda rutina', '  ', 'klasroutine hulp', '  ', '', 'snf rutin yardm', 'classe ajuda rotina', 'osztly rutin segt', 'classe aide routine', '  ', 'Klasse Routine Hilfe', 'Classe aiuto di routine', '', '  ', '  ', 'uno genere auxilium', 'kelas bantuan rutin', '', '  '),
(33, 'class_routine', 'class routine', ' ', 'rutina de la clase', ' ', 'klasroutine', ' ', '', 'snf rutin', 'rotina classe', 'osztly rutin', 'routine de classe', ' ', 'Klasse Routine', 'classe di routine', '', ' ', ' ', 'in genere uno,', 'rutin kelas', '', ' '),
(34, 'invoice_help', 'invoice help', ' ', 'ayuda factura', ' ', 'factuur hulp', '- ', '', 'fatura yardm', 'ajuda factura', 'szmla segtsgvel', 'aide facture', ' ', 'Rechnungs Hilfe', 'help fattura', '', ' ', ' ', 'auxilium cautionem', 'bantuan faktur', '', ' '),
(35, 'payment', 'payment', '', 'pago', '', 'betaling', '', '', 'deme', 'pagamento', 'fizets', 'paiement', '', 'Zahlung', 'pagamento', '', '', '', 'pecunia', 'pembayaran', '', ''),
(36, 'book_help', 'book help', ' ', 'libro de ayuda', ' ', 'boek hulp', ' ', '', 'kitap yardm', 'livro ajuda', 'knyv segt', 'livre aide', '  ', 'Buch-Hilfe', 'della guida', '', ' ', ' ', 'auxilium libro,', 'Buku bantuan', '', ' '),
(37, 'library', 'library', '', 'biblioteca', '', 'bibliotheek', '', '', 'ktphane', 'biblioteca', 'knyvtr', 'bibliothque', '', 'Bibliothek', 'biblioteca', '', '', '', 'library', 'perpustakaan', '', ''),
(38, 'transport_help', 'transport help', ' ', 'ayuda de transporte', ' ', 'vervoer help', ' ', '', 'ulam yardm', 'ajuda de transporte', 'szllts Sg', 'le transport de l''aide', '  ', 'Transport Hilfe', 'help trasporti', '', '   ', ' ', 'auxilium onerariis', 'transportasi bantuan', '', ' '),
(39, 'transport', 'transport', '', 'transporte', '', 'vervoer', '', '', 'tama', 'transporte', 'szllts', 'transport', '', 'Transport', 'trasporto', '', '  ', '', 'onerariis', 'angkutan', '', ''),
(40, 'dormitory_help', 'dormitory help', ' ', 'dormitorio de ayuda', ' ', 'slaapzaal hulp', ' ', '', 'yatakhane yardm', 'dormitrio ajuda', 'kollgiumi help', 'dortoir aide', ' ', 'Wohnheim Hilfe', 'dormitorio aiuto', '', ' ', ' ', 'dormitorium auxilium', 'asrama bantuan', '', ' '),
(41, 'dormitory', 'dormitory', ' - ', 'dormitorio', '', 'slaapzaal', '', '', 'yatakhane', 'dormitrio', 'hlterem', 'dortoir', '', 'Wohnheim', 'dormitorio', '', '', '', 'dormitorium', 'asrama mahasiswa', '', '');
INSERT INTO `language` (`phrase_id`, `phrase`, `english`, `bengali`, `spanish`, `arabic`, `dutch`, `russian`, `chinese`, `turkish`, `portuguese`, `hungarian`, `french`, `greek`, `german`, `italian`, `thai`, `urdu`, `hindi`, `latin`, `indonesian`, `japanese`, `korean`) VALUES
(42, 'noticeboard_help', 'noticeboard help', ' ', 'tabln de anuncios de la ayuda', ' ', 'prikbord hulp', '   ', '', 'noticeboard yardm', 'avisos ajuda', 'zenfaln help', 'panneau d''aide', ' ', 'Brett-Hilfe', 'bacheca aiuto', '', 'noticeboard ', 'Noticeboard ', 'auxilium noticeboard', 'pengumuman bantuan', '', ' noticeboard '),
(43, 'noticeboard-event', 'noticeboard-event', '-', 'tabln de anuncios de eventos', ' ', 'prikbord-event', '  -', '', 'noticeboard olay', 'avisos de eventos', 'zenfaln esemny', 'panneau d''vnement', ' ', 'Brett-Ereignis', 'bacheca-evento', '', 'noticeboard ', 'Noticeboard ', 'noticeboard eventus,', 'pengumuman-acara', '', ' noticeboard '),
(44, 'bed_ward_help', 'bed ward help', '  ', 'cama ward ayuda', '  ', 'bed ward hulp', '  ', '', 'yatak kou yardm', 'ajuda cama enfermaria', 'gy Ward help', 'lit salle de l''aide', '  ', 'Betten-Station Hilfe', 'Letto reparto aiuto', '', '  ', '  ', 'lectum stans auxilium', 'tidur bangsal bantuan', '', '  '),
(45, 'settings', 'settings', '', 'configuracin', '', 'instellingen', '', '', 'ayarlar', 'definies', 'belltsok', 'paramtres', '', 'Einstellungen', 'Impostazioni', '', '', '', 'occasus', 'Pengaturan', '', ''),
(46, 'system_settings', 'system settings', ' ', 'configuracin del sistema', ' ', 'systeeminstellingen', ' ', '', 'sistem ayarlar', 'configuraes do sistema', 'rendszerbelltsokat', 'les paramtres du systme', '  ', 'Systemeinstellungen', 'impostazioni di sistema', '', '  ', ' ', 'ratio occasus', 'pengaturan sistem', '', ' '),
(47, 'manage_language', 'manage language', '  ', 'gestionar idioma', ' ', 'beheren taal', ' ', '', 'dil ynetmek', 'gerenciar lngua', 'kezelni nyelv', 'grer langue', ' ', 'verwalten Sprache', 'gestire lingua', '', '  ', '  ', 'moderari linguam,', 'mengelola bahasa', '', ' '),
(48, 'backup_restore', 'backup restore', ' ', 'copia de seguridad a restaurar', '  ', 'backup terugzetten', '  ', '', 'yedekleme geri', 'de backup restaurar', 'Backup Restore', 'restauration de sauvegarde', '  ', 'Backup wiederherstellen', 'ripristino di backup', '', '  ', ' ', 'tergum restituunt', 'backup restore', '', ' '),
(49, 'profile_help', 'profile help', ' ', 'Perfil Ayuda', ' ', 'profile hulp', ' ', '', 'yardm profile', 'Perfil ajuda', 'profile help', 'profil aide', ' ', 'Profil Hilfe', 'profilo di aiuto', '', ' ', ' ', 'Auctor nullam opem', 'Profil bantuan', '', ' '),
(50, 'manage_student', 'manage student', '  ', 'gestionar estudiante', ' ', 'beheren student', ' ', '', 'renci ynetmek', 'gerenciar estudante', 'kezelni dik', 'grer tudiant', '  ', 'Schler verwalten', 'gestire studente', '', '   ', '  ', 'curo alumnorum', 'mengelola siswa', '', ' '),
(51, 'manage_teacher', 'manage teacher', '  ', 'gestionar maestro', ' ', 'beheren leraar', ' ', '', 'retmen ynetmek', 'gerenciar professor', 'kezelni tanr', 'grer enseignant', '  ', 'Lehrer verwalten', 'gestire insegnante', '', '  ', '  ', 'magister curo', 'mengelola guru', '', ' '),
(52, 'noticeboard', 'noticeboard', '', 'tabln de anuncios', '', 'prikbord', '  ', '', 'noticeboard', 'quadro de avisos', 'zenfaln', 'panneau d''affichage', '', 'Brett', 'bacheca', '', 'noticeboard', 'Noticeboard', 'noticeboard', 'pengumuman', '', ' noticeboard'),
(53, 'language', 'language', '', 'idioma', '', 'taal', '', '', 'dil', 'lngua', 'nyelv', 'langue', '', 'Sprache', 'lingua', '', '', '', 'Lingua', 'bahasa', '', ''),
(54, 'backup', 'backup', '', 'reserva', '', 'reservekopie', '', '', 'yedek', 'backup', 'ments', 'sauvegarde', '', 'Sicherungskopie', 'di riserva', '', ' ', '', 'tergum', 'backup', '', ''),
(55, 'calendar_schedule', 'calendar schedule', ' ', 'horario de calendario', ' ', 'kalender schema', ' ', '', 'takvim program', 'agenda calendrio', 'naptri temezs', 'calendrier calendrier', '  ', 'Kalender Zeitplan', 'programma di calendario', '', ' ', ' ', 'kalendarium ipsum', 'jadwal kalender', '', ' '),
(56, 'select_a_class', 'select a class', '  ', 'seleccionar una clase', ' ', 'selecteer een class', ' ', '', 'bir snf sein', 'selecionar uma classe', 'vlasszon ki egy osztlyt', 'slectionner une classe', '  ', 'Whlen Sie eine Klasse', 'selezionare una classe', '', '   ', '    ', 'eligere genus', 'pilih kelas', '', ' '),
(57, 'student_list', 'student list', ' ', 'lista de alumnos', ' ', 'student lijst', ' ', '', 'renci listesi', 'lista de alunos', 'dik lista', 'liste des tudiants', '  ', 'Schlerliste', 'elenco degli studenti', '', '   ', ' ', 'Discipulus album', 'daftar mahasiswa', '', ' '),
(58, 'add_student', 'add student', ' ', 'aadir estudiante', ' ', 'voeg student', ' ', '', 'renci eklemek', 'adicionar estudante', 'hozz hallgat', 'ajouter tudiant', ' ', 'Student hinzufgen', 'aggiungere studente', '', '  ', ' ', 'adde elit', 'menambahkan mahasiswa', '', ' '),
(59, 'roll', 'roll', '', 'rollo', '', 'broodje', '', '', 'rulo', 'rolo', 'tekercs', 'rouleau', '', 'Rolle', 'rotolo', '', '', '', 'volumen', 'gulungan', '', ''),
(60, 'photo', 'photo', '', 'foto', '', 'foto', '', '', 'fotoraf', 'foto', 'fnykp', 'photo', '', 'Foto', 'foto', '', '', '', 'Lorem ipsum', 'foto', '', ''),
(61, 'student_name', 'student name', ' ', 'Nombre del estudiante', ' ', 'naam van de leerling', ' ', '', 'renci ad', 'nome do aluno', 'tanul nevt', 'nom de l''tudiant', '   ', 'Studentennamen', 'nome dello studente', '', '   ', '  ', 'ipsum est nomen', 'nama siswa', '', ' '),
(62, 'address', 'address', '', 'direccin', '', 'adres', '', '', 'adres', 'endereo', 'cm', 'adresse', '', 'Adresse', 'indirizzo', '', '', '', 'Oratio', 'alamat', '', ''),
(63, 'options', 'options', '', 'Opciones', '', 'opties', '', '', 'seenekleri', 'opes', 'lehetsgek', 'les options', '', 'Optionen', 'Opzioni', '', '', '', 'options', 'Pilihan', '', ''),
(64, 'marksheet', 'marksheet', 'marksheet', 'marksheet', 'marksheet', 'Marksheet', 'marksheet', 'marksheet', 'Marksheet', 'marksheet', 'Marksheet', 'relev de notes', 'Marksheet', 'marksheet', 'Marksheet', 'marksheet', 'marksheet', '', 'marksheet', 'marksheet', 'marksheet', 'marksheet'),
(65, 'id_card', 'id card', ' ', 'carnet de identidad', ' ', 'id-kaart', ' ', '', 'kimlik kart', 'carteira de identidade', 'szemlyi igazolvny', 'carte d''identit', 'id ', 'Ausweis', 'carta d''identit', '', ' ', '  ', 'id ipsum', 'id card', 'ID', ''),
(66, 'edit', 'edit', ' ', 'editar', '', 'uitgeven', '', '', 'dzenleme', 'editar', 'szerkeszt', 'modifier', 'edit', 'bearbeiten', 'modifica', '', '  ', ' ', 'edit', 'mengedit', '', ''),
(67, 'delete', 'delete', ' ', 'borrar', '', 'verwijderen', '', '', 'silmek', 'excluir', 'trl', 'effacer', '', 'lschen', 'cancellare', '', '', '', 'vel deleri,', 'menghapus', '', ''),
(68, 'personal_profile', 'personal profile', ' ', 'perfil personal', ' ', 'persoonlijk profiel', ' ', '', 'kiisel profil', 'perfil pessoal', 'szemlyes profil', 'profil personnel', ' ', 'persnliches Profil', 'profilo personale', '', ' ', ' ', 'personal profile', 'profil pribadi', '', ' '),
(69, 'academic_result', 'academic result', ' ', 'resultado acadmico', ' ', 'academische resultaat', ' ', '', 'akademik sonu', 'resultado acadmico', 'tudomnyos eredmny', 'rsultat acadmique', ' ', 'Studienergebnis', 'risultato accademico', '', ' ', ' ', 'Ex academicis', 'Hasil akademik', '', ' '),
(70, 'name', 'name', '', 'nombre', '', 'naam', '', '', 'isim', 'nome', 'nv', 'nom', '', 'Name', 'nome', '', '', '', 'nomen,', 'nama', '', ''),
(71, 'birthday', 'birthday', '', 'cumpleaos', ' ', 'verjaardag', ' ', '', 'doum gn', 'aniversrio', 'szletsnap', 'anniversaire', '', 'Geburtstag', 'compleanno', '', '', '', 'natalis', 'ulang tahun', '', ''),
(72, 'sex', 'sex', '', 'sexo', '', 'seks', '', '', 'seks', 'sexo', 'szex', 'sexe', '', 'Sex', 'sesso', '', '', '', 'sex', 'seks', '', ''),
(73, 'male', 'male', '', 'masculino', '', 'mannelijk', '', '', 'erkek', 'masculino', 'frfi', 'mle', '', 'mnnlich', 'maschio', '', '', '', 'masculus', 'laki-laki', '', ''),
(74, 'female', 'female', '', 'femenino', '', 'vrouw', '', '', 'kadn', 'feminino', 'ni', 'femelle', '', 'weiblich', 'femminile', '', '', '', 'femina,', 'perempuan', '', ''),
(75, 'religion', 'religion', '', 'religin', '', 'religie', '', '', 'din', 'religio', 'valls', 'religion', '', 'Religion', 'religione', '', '', '', 'religionis,', 'agama', '', ''),
(76, 'blood_group', 'blood group', ' ', 'grupo sanguneo', ' ', 'bloedgroep', ' ', '', 'kan grubu', 'grupo sanguneo', 'vrcsoport', 'groupe sanguin', ' ', 'Blutgruppe', 'gruppo sanguigno', '', '  ', ' ', 'sanguine coetus', 'golongan darah', '', ''),
(77, 'phone', 'phone', '', 'telfono', '', 'telefoon', '', '', 'telefon', 'telefone', 'telefon', 'tlphone', '', 'Telefon', 'telefono', '', '', '', 'Praesent', 'telepon', '', ''),
(78, 'father_name', 'father name', ' ', 'Nombre del padre', ' ', 'naam van de vader', '', '', 'baba ad', 'nome pai', 'apa nv', 'nom de pre', '   ', 'Der Name des Vaters', 'nome del padre', '', '  ', '  ', 'nomine Patris,', 'Nama ayah', '', ' '),
(79, 'mother_name', 'mother name', ' ', 'Nombre de la madre', ' ', 'moeder naam', ' ', '', 'anne ad', 'Nome me', 'anyja nv', 'nom de la mre', '   ', 'Name der Mutter', 'Nome madre', '', '  ', '  ', 'matris nomen,', 'Nama ibu', '', ' '),
(80, 'edit_student', 'edit student', ' ', 'edit estudiante', ' ', 'bewerk student', ' ', '', 'edit renci', 'edio aluno', 'szerkeszts dik', 'modifier tudiant', '  ', 'Schler bearbeiten', 'modifica dello studente', '', '   ', ' ', 'edit studiosum', 'mengedit siswa', '', ' '),
(81, 'teacher_list', 'teacher list', ' ', 'lista maestra', ' ', 'leraar lijst', ' ', '', 'retmen listesi', 'lista de professores', 'tanr lista', 'Liste des enseignants', '  ', 'Lehrer-Liste', 'elenco degli insegnanti', '', ' ', ' ', 'magister album', 'daftar guru', '', ' '),
(82, 'add_teacher', 'add teacher', ' ', 'aadir profesor', ' ', 'voeg leraar', ' ', '', 'retmen ekle', 'adicionar professor', 'hozz tanr', 'ajouter enseignant', ' ', 'Lehrer hinzufgen', 'aggiungere insegnante', '', ' ', ' ', 'Magister addit', 'menambah guru', '', ' '),
(83, 'teacher_name', 'teacher name', ' ', 'Nombre del profesor', ' ', 'leraarsnaam', ' ', '', 'retmen ad', 'nome professor', 'tanr nv', 'nom des enseignants', '  ', 'Lehrer Name', 'Nome del docente', '', '  ', '  ', 'magister nomine', 'nama guru', '', ' ');
INSERT INTO `language` (`phrase_id`, `phrase`, `english`, `bengali`, `spanish`, `arabic`, `dutch`, `russian`, `chinese`, `turkish`, `portuguese`, `hungarian`, `french`, `greek`, `german`, `italian`, `thai`, `urdu`, `hindi`, `latin`, `indonesian`, `japanese`, `korean`) VALUES
(84, 'edit_teacher', 'edit teacher', ' ', 'edit maestro', ' ', 'leraar bewerken', ' ', '', 'edit retmen', 'editar professor', 'szerkeszts tanr', 'modifier enseignant', 'edit ', 'edit Lehrer', 'modifica insegnante', '', ' ', '  ', 'edit magister', 'mengedit guru', '', ' '),
(85, 'manage_parent', 'manage parent', '  ', 'gestionar los padres', ' ', 'beheren ouder', ' ', '', 'ebeveyn ynetmek', 'gerenciar pai', 'kezelni szl', 'grer parent', ' ', 'verwalten Mutter', 'gestione genitore', '', '  ', ' -   ', 'curo parent', 'mengelola orang tua', '', ' '),
(86, 'parent_list', 'parent list', ' ', 'lista primaria', ' ', 'ouder lijst', ' ', '', 'ebeveyn listesi', 'lista pai', 'szl lista', 'liste parent', ' ', 'geordneten Liste', 'elenco padre', '', '  ', ' -  ', 'parente album', 'daftar induk', '', ' '),
(87, 'parent_name', 'parent name', ' ', 'Nombre del padre', ' ', 'oudernaam', ' ', '', 'ebeveyn isim', 'nome do pai', 'szl nv', 'nom du parent', ' ', 'Mutternamen', 'nome del padre', '', '  ', ' -   ', 'Nomen parentis,', 'nama orang tua', '', ' '),
(88, 'relation_with_student', 'relation with student', '  ', 'relacin con el estudiante', '  ', 'relatie met student', '  ', '', 'renci ile ilikisi', 'relao com o aluno', 'kapcsolatban dik', 'relation avec l''lve', '   ', 'Zusammenhang mit Studenten', 'rapporto con lo studente', '', '    ', '   ', 'cum inter ipsum', 'hubungan dengan siswa', '', ' '),
(89, 'parent_email', 'parent email', ' ', 'correo electrnico de los padres', '  ', 'ouder email', ' ', '', 'ebeveyn email', 'e-mail dos pais', 'szl e-mail', 'parent email', 'email  ', 'Eltern per E-Mail', 'email genitore', '', '   ', ' -  ', 'parente email', 'email induk', '', ' '),
(90, 'parent_phone', 'parent phone', ' ', 'telfono de los padres', ' ', 'ouder telefoon', ' ', '', 'ebeveyn telefon', 'telefone dos pais', 'szl telefon', 'mre de tlphone', ' ', 'Elterntelefon', 'telefono genitore', '', ' ', ' -   ', 'parentis phone', 'telepon orang tua', '', ' '),
(91, 'parrent_address', 'parrent address', 'parrent ', 'Direccin Parrent', ' parrent', 'parrent adres', 'Parrent ', 'parrent', 'parrent adresi', 'endereo Parrent', 'parrent cm', 'adresse Parrent', 'parrent ', 'parrent Adresse', 'Indirizzo parrent', ' parrent', 'parrent ', 'parrent ', 'oratio parrent', 'alamat parrent', 'parrent', 'parrent '),
(92, 'parrent_occupation', 'parrent occupation', 'parrent ', 'ocupacin Parrent', ' parrent', 'parrent bezetting', 'Parrent ', 'parrent', 'parrent igal', 'ocupao Parrent', 'parrent Foglalkozs', 'occupation Parrent', 'parrent ', 'parrent Beruf', 'occupazione parrent', ' parrent', 'parrent ', 'parrent ', 'opus parrent', 'pendudukan parrent', 'parrent', 'parrent '),
(93, 'add', 'add', ' ', 'aadir', '', 'toevoegen', '', '', 'eklemek', 'adicionar', 'hozzad', 'ajouter', '', 'hinzufgen', 'aggiungere', '', '', '', 'Adde', 'menambahkan', '', ''),
(94, 'parent_of', 'parent of', '', 'matriz de', ' ', 'ouder van', '', '', 'ebeveyn', 'pai', 'szl', 'parent d''', '', 'Muttergesellschaft der', 'madre di', '', '', '  - ', 'parentem,', 'induk dari', '', ' '),
(95, 'profession', 'profession', '', 'profesin', '', 'beroep', '', '', 'meslek', 'profisso', 'szakma', 'profession', '', 'Beruf', 'professione', '', '', '', 'professio', 'profesi', '', ''),
(96, 'edit_parent', 'edit parent', ' ', 'edit padres', ' ', 'bewerk ouder', ' ', '', 'edit ebeveyn', 'edio pai', 'szerkeszts szl', 'modifier parent', 'edit ', 'edit Mutter', 'modifica genitore', '', '   ', ' ', 'edit parent', 'mengedit induk', '', ' '),
(97, 'add_parent', 'add parent', ' ', 'aadir los padres', ' ', 'Voeg een ouder', ' ', '', 'ebeveyn ekle', 'adicionar pai', 'hozz szl', 'ajouter parent', ' ', 'Mutter hinzufgen', 'aggiungere genitore', '', ' ', ' -  ', 'adde parent', 'menambahkan orang tua', '', ' '),
(98, 'manage_subject', 'manage subject', '  ', 'gestionar sujeto', ' ', 'beheren onderwerp', ' ', '', 'konuyu ynetmek', 'gerenciar assunto', 'kezelni trgy', 'grer sujet', ' ', 'Thema verwalten', 'gestire i soggetti', '', '  ', '  ', 'subiectum disponat', 'mengelola subjek', '', ' '),
(99, 'subject_list', 'subject list', ' ', 'lista por materia', ' ', 'Onderwerp lijst', ' ', '', 'konu listesi', 'lista por assunto', 'tma lista', 'liste de sujets', ' ', 'Themenliste', 'lista soggetto', '', '  ', ' ', 'subiectum album', 'daftar subjek', '', ' '),
(100, 'add_subject', 'add subject', ' ', 'Aadir asunto', ' ', 'Onderwerp toevoegen', ' ', '', 'konu ekle', 'adicionar assunto', 'Trgy hozzadsa', 'ajouter l''objet', ' ', 'Thema hinzufgen', 'aggiungere soggetto', '', '', ' ', 're addere', 'menambahkan subjek', '', ' '),
(101, 'subject_name', 'subject name', ' ', 'nombre del sujeto', ' ', 'Onderwerp naam', ' ', '', 'konu ad', 'nome do assunto', 'trgy megnevezse', 'nom du sujet', ' ', 'Thema Namen', 'nome del soggetto', '', '  ', '  ', 'agitur nomine', 'nama subjek', '', ' '),
(102, 'edit_subject', 'edit subject', ' ', 'Editar asunto', ' ', 'Onderwerp bewerken', ' ', '', 'dzenleme konusu', 'Editar assunto', 'Trgy szerkesztse', 'modifier l''objet', 'edit ', 'Betreff bearbeiten', 'Modifica oggetto', '', '   ', '  ', 'edit subiecto', 'mengedit subjek', '', ' '),
(103, 'manage_class', 'manage class', '  ', 'gestionar clase', ' ', 'beheren klasse', ' ', '', 'snf ynetmek', 'gerenciar classe', 'kezelni osztly', 'grer classe', ' ', 'Klasse verwalten', 'gestione della classe', '', '  ', '  ', 'genus regendi', 'mengelola kelas', '', ' '),
(104, 'class_list', 'class list', ' ', 'lista de la clase', ' ', 'klasse lijst', ' ', '', 'snf listesi', 'lista de classe', 'class lista', 'liste de classe', ' ', 'Klassenliste', 'elenco di classe', '', ' ', ' ', 'genus album', 'daftar kelas', '', ' '),
(105, 'add_class', 'add class', ' ', 'agregar la clase', ' ', 'voeg klasse', ' ', '', 'snf eklemek', 'adicionar classe', 'hozz osztly', 'ajouter la classe', ' ', 'Klasse hinzufgen', 'aggiungere classe', '', '  ', ' ', 'adde genus', 'menambahkan kelas', '', ' '),
(106, 'class_name', 'class name', ' ', 'nombre de la clase', ' ', 'class naam', ' ', '', 'snf ad', 'nome da classe', 'osztly neve', 'nom de la classe', '  ', 'Klassennamen', 'nome della classe', '', ' ', '  ', 'Classis nomine', 'nama kelas', '', ' '),
(107, 'numeric_name', 'numeric name', ' ', 'nombre numrico', ' ', 'numerieke naam', ' ', '', 'Saysal isim', 'nome numrico', 'numerikus nv', 'nom numrique', ' ', 'numerischen Namen', 'nome numerico', '', ' ', ' ', 'secundum numerum est secundum nomen,', 'Nama numerik', '', ' '),
(108, 'name_numeric', 'name numeric', '  ', 'nombre numrico', ' ', 'naam numerieke', ' ', '', 'saysal isim', 'nome numrico', 'nv numerikus', 'nommer numrique', ' ', 'nennen numerischen', 'nome numerico', '', ' ', '  ', 'secundum numerum est secundum nomen,', 'nama numerik', '', ' '),
(109, 'edit_class', 'edit class', ' ', 'clase de edicin', ' ', 'bewerken klasse', ' ', '', 'snf dzenle', 'edio classe', 'szerkeszts osztly', 'modifier la classe', 'edit ', 'Klasse bearbeiten', 'modifica della classe', '', ' ', ' ', 'edit genere', 'mengedit kelas', '', ' '),
(110, 'manage_exam', 'manage exam', ' ', 'gestionar examen', ' ', 'beheren examen', ' ', '', 'snav ynetmek', 'gerenciar exame', 'kezelni vizsga', 'grer examen', ' ', 'Prfung verwalten', 'gestire esame', '', '  ', '  ', 'curo ipsum', 'mengelola ujian', '', ' '),
(111, 'exam_list', 'exam list', ' ', 'lista de exmenes', ' ', 'examen lijst', ' ', '', 'snav listesi', 'lista de exames', 'vizsga lista', 'liste d''examen', ' ', 'Prfungsliste', 'elenco esami', '', ' ', ' ', 'Lorem ipsum album', 'daftar ujian', '', ' '),
(112, 'add_exam', 'add exam', ' ', 'agregar examen', ' ', 'voeg examen', ' ', '', 'snav eklemek', 'adicionar exame', 'hozz vizsga', 'ajouter examen', ' ', 'Prfung hinzufgen', 'aggiungere esame', '', '   ', ' ', 'adde ipsum', 'menambahkan ujian', '', ' '),
(113, 'exam_name', 'exam name', ' ', 'nombre del examen', ' ', 'examen naam', ' ', '', 'snav ad', 'nome do exame', 'Vizsga neve', 'nom de l''examen', '  ', 'Prfungsnamen', 'nome dell''esame', '', '  ', '  ', 'ipsum nomen,', 'Nama ujian', '', ' '),
(114, 'date', 'date', '', 'fecha', '', 'datum', '', '', 'tarih', 'data', 'dtum', 'date', '', 'Datum', 'data', '', '', '', 'date', 'tanggal', '', ''),
(115, 'comment', 'comment', '', 'comentario', '', 'commentaar', '', '', 'yorum', 'comentrio', 'megjegyzs', 'commentaire', '', 'Kommentar', 'commento', '', '', '', 'comment', 'komentar', '', ''),
(116, 'edit_exam', 'edit exam', ' ', 'examen de edicin', ' ', 'bewerk examen', ' ', '', 'edit snav', 'edio do exame', 'szerkeszts vizsga', 'modifier examen', 'edit ', 'edit Prfung', 'modifica esame', '', ' ', ' ', 'edit ipsum', 'mengedit ujian', '', ' '),
(117, 'manage_exam_marks', 'manage exam marks', '   ', 'gestionar marcas de examen', '  ', 'beheren examencijfers', '  ', '', 'snav iaretleri ynetmek', 'gerenciar marcas exame', 'kezelni vizsga jelek', 'grer les marques d''examen', '   ', 'Prfungsnoten verwalten', 'gestire i voti degli esami', '', '    ', '    ', 'ipsum curo indicia', 'mengelola nilai ujian', '', '  '),
(118, 'manage_marks', 'manage marks', '  ', 'gestionar marcas', ' ', 'beheren merken', ' ', '', 'iaretleri ynetmek', 'gerenciar marcas', 'kezelni jelek', 'grer les marques', '  ', 'Markierungen verwalten', 'gestire i marchi', '', '  ', '  ', 'curo indicia', 'mengelola tanda', '', ' '),
(119, 'select_exam', 'select exam', ' ', 'seleccione examen', ' ', 'selecteer examen', ' ', '', 'snav sein', 'selecionar exame', 'vlassza ki a vizsga', 'slectionnez examen', ' ', 'Prfung whlen', 'seleziona esame', '', '  ', '  ', 'velit ipsum', 'pilih ujian', '', ' '),
(120, 'select_class', 'select class', ' ', 'seleccione clase', ' ', 'selecteren klasse', ' ', '', 'snf sein', 'selecionar classe', 'vlassza osztly', 'slectionnez classe', ' ', 'Klasse whlen', 'seleziona classe', '', '  ', '   ', 'genus eligere,', 'pilih kelas', '', ' ');
INSERT INTO `language` (`phrase_id`, `phrase`, `english`, `bengali`, `spanish`, `arabic`, `dutch`, `russian`, `chinese`, `turkish`, `portuguese`, `hungarian`, `french`, `greek`, `german`, `italian`, `thai`, `urdu`, `hindi`, `latin`, `indonesian`, `japanese`, `korean`) VALUES
(121, 'select_subject', 'select subject', '  ', 'seleccione tema', ' ', 'Selecteer onderwerp', ' ', '', 'konu sein', 'selecionar assunto', 'Vlassza a Trgy', 'slectionner le sujet', ' ', 'Thema whlen', 'seleziona argomento', '', '  ', '  ', 'eligere subditos', 'pilih subjek', '', ' '),
(122, 'select_an_exam', 'select an exam', '  ', 'seleccione un examen', ' ', 'selecteer een examen', ' ', '', 'Bir snav sein', 'selecionar um exame', 'vlasszon ki egy vizsga', 'slectionner un examen', '  ', 'Whlen Sie eine Prfung', 'selezionare un esame', '', '  ', '   ', 'Eligebatur autem ipsum', 'pilih ujian', '', ' '),
(123, 'mark_obtained', 'mark obtained', ' ', 'calificacin obtenida', '  ', 'markeren verkregen', ' ', '', 'iaretlemek elde', 'marca obtida', 'jellje kapott', 'marquer obtenu', '  ', 'Markieren Sie erhalten', 'contrassegnare ottenuto', '', '  ', ' ', 'attende obtinuit', 'menandai diperoleh', '', ' '),
(124, 'attendance', 'attendance', '', 'asistencia', '', 'opkomst', '', '', 'katlm', 'comparecimento', 'rszvtel', 'prsence', '', 'Teilnahme', 'partecipazione', '', '', '', 'auscultant', 'kehadiran', '', ''),
(125, 'manage_grade', 'manage grade', ' ', 'gestin de calidad', ' ', 'beheren leerjaar', ' ', '', 'notu ynetmek', 'gerenciar grau', 'kezelni fokozat', 'grer de qualit', ' ', 'Klasse verwalten', 'gestione grade', '', '  ', '  ', 'moderari gradu', 'mengelola kelas', '', ' '),
(126, 'grade_list', 'grade list', ' ', 'Lista de grado', ' ', 'cijferlijst', ' ', '', 'snf listesi', 'lista grau', 'fokozat lista', 'liste de qualit', ' ', 'Notenliste', 'elenco grade', '', ' ', '  ', 'gradus album', 'daftar kelas', '', ' '),
(127, 'add_grade', 'add grade', '  ', 'aadir grado', ' ', 'voeg leerjaar', ' ', '', 'not eklemek', 'adicionar grau', 'hozz fokozat', 'ajouter note', ' ', 'Klasse hinzufgen', 'aggiungere grade', '', '   ', ' ', 'adde gradum,', 'menambahkan kelas', '', ' '),
(128, 'grade_name', 'grade name', ' ', 'Nombre de grado', ' ', 'rangnaam', ' ', '', 'snf ad', 'nome da classe', 'fokozat nv', 'nom de la catgorie', ' ', 'Klasse Name', 'nome del grado', '', ' ', '  ', 'nomen, gradus,', 'nama kelas', '', ' '),
(129, 'grade_point', 'grade point', ' ', 'de calificaciones', '', 'rangpunt', '', '', 'not', 'ponto de classe', 'fokozat pont', 'cumulative', '', 'Noten', 'punto di grado', '', ' ', ' ', 'gradus punctum', 'indeks prestasi', '', ''),
(130, 'mark_from', 'mark from', ' ', 'marca de', ' ', 'mark uit', ' ', '', 'mark dan', 'marca de', 'jellst', 'marque de', ' ', 'Marke aus', 'segno da', '', ' ', ' ', 'marcam', 'mark dari', '', ''),
(131, 'mark_upto', 'mark upto', ' ', 'marcar hasta', ' ', 'mark tot', ' ', '', 'kadar iaretlemek', 'marcar at', 'jellje upto', 'marquer jusqu''', ' ', 'Markieren Sie bis zu', 'contrassegnare fino a', '', '  ', ' ', 'Genitus est notare', 'menandai upto', '', ''),
(132, 'edit_grade', 'edit grade', ' ', 'edit grado', ' ', 'Cijfer bewerken', ' ', '', 'edit notu', 'edio grau', 'szerkeszts fokozat', 'edit qualit', 'edit ', 'edit Grad', 'modifica grade', '', ' ', ' ', 'edit gradu', 'mengedit kelas', '', ' '),
(133, 'manage_class_routine', 'manage class routine', '  ', 'gestionar rutina de la clase', '  ', 'beheren klasroutine', '  ', '', 'snf rutin ynetmek', 'gerenciar rotina classe', 'kezelni class rutin', 'grer la routine de classe', '  ', 'verwalten Klasse Routine', 'gestione classe di routine', '', '   ', '   ', 'uno in genere tractare', 'mengelola rutinitas kelas', '', '  '),
(134, 'class_routine_list', 'class routine list', '  ', 'clase de lista de rutina', '  ', 'klasroutine lijst', '  ', '', 'snf rutin listesi', 'classe de lista de rotina', 'osztly rutin lista', 'classe liste routine', ' list ', 'Klasse Routine Liste', 'classe lista di routine', '', '    ', '  ', 'uno genere album', 'Daftar rutin kelas', '', '  '),
(135, 'add_class_routine', 'add class routine', '  ', 'aadir rutina de la clase', '  ', 'voeg klasroutine', '  ', '', 'snf rutin eklemek', 'adicionar rotina classe', 'hozz class rutin', 'ajouter routine de classe', '  ', 'Klasse hinzufgen Routine', 'aggiungere classe di routine', '', '    ', '  ', 'adde genus moris', 'menambahkan rutin kelas', '', '  '),
(136, 'day', 'day', '', 'da', '', 'dag', '', '', 'gn', 'dia', 'nap', 'jour', '', 'Tag', 'giorno', '', '', '', 'die,', 'hari', '', ''),
(137, 'starting_time', 'starting time', ' ', 'tiempo de inicio', ' ', 'starttijd', ' ', '', 'balang zaman', 'tempo comeando', 'indtsi id', 'temps de dmarrage', ' ', 'Startzeit', 'tempo di avviamento', '', '  ', '   ', 'tum satus', 'waktu mulai', '', ' '),
(138, 'ending_time', 'ending time', ' ', 'hora de finalizacin', ' ', 'eindtijd', ' ', '', 'biti zamann', 'tempo final', 'befejezsi idpont', 'heure de fin', ' ', 'Endzeit', 'ora finale', '', ' ', '   ', 'et finis temporis,', 'akhir waktu', '', ' '),
(139, 'edit_class_routine', 'edit class routine', '  ', 'rutina de la clase de edicin', '  ', 'bewerk klasroutine', '  ', '', 'snf dzenle rutin', 'rotina de edio de classe', 'szerkeszts osztly rutin', 'routine modifier de classe', 'edit  ', 'edit Klasse Routine', 'modifica della classe di routine', '', '  ', '  ', 'edit uno genere', 'rutin mengedit kelas', '', '  '),
(140, 'manage_invoice/payment', 'manage invoice/payment', ' /  ', 'gestionar factura / pago', '  / ', 'beheren factuur / betaling', '  / ', '/', 'fatura / deme ynetmek', 'gerenciar fatura / pagamento', 'kezelni szmla / fizetsi', 'grer facture / paiement', '  / ', 'Verwaltung Rechnung / Zahlung', 'gestione fattura / pagamento', ' / ', ' /   ', ' /   ', 'curo cautionem / solutionem', 'mengelola tagihan / pembayaran', '/', ' /  '),
(141, 'invoice/payment_list', 'invoice/payment list', ' /  ', 'lista de facturas / pagos', '  / ', 'factuur / betaling lijst', '  / ', '/', 'fatura / deme listesi', 'lista de fatura / pagamento', 'szmla / fizetsi lista', 'liste facture / paiement', '  / ', 'Rechnung / Zahlungsliste', 'elenco fattura / pagamento', ' / ', ' /   ', ' /  ', 'cautionem / list pretium', 'daftar tagihan / pembayaran', '/', ' / '),
(142, 'add_invoice/payment', 'add invoice/payment', ' /  ', 'aadir factura / pago', '  / ', 'voeg factuur / betaling', '  / ', '/', 'fatura / deme eklemek', 'adicionar factura / pagamento', 'hozz szmla / fizetsi', 'ajouter facture / paiement', '  / ', 'hinzufgen Rechnung / Zahlung', 'aggiungere fatturazione / pagamento', ' / ', ' /  ', ' /  ', 'add cautionem / solutionem', 'menambahkan tagihan / pembayaran', '/', ' /  '),
(143, 'title', 'title', '', 'ttulo', '', 'titel', '', '', 'balk', 'ttulo', 'cm', 'titre', '', 'Titel', 'titolo', '', '', '', 'title', 'judul', '', ''),
(144, 'description', 'description', '', 'descripcin', '', 'beschrijving', '', '', 'tanm', 'descrio', 'lers', 'description', '', 'Beschreibung', 'descrizione', '', '', '', 'description', 'deskripsi', '', ''),
(145, 'amount', 'amount', '', 'cantidad', '', 'bedrag', '', '', 'miktar', 'quantidade', 'mennyisg', 'montant', '', 'Menge', 'importo', '', '', '', 'tantum', 'jumlah', '', ''),
(146, 'status', 'status', '', 'estado', '', 'toestand', '', '', 'durum', 'estado', 'llapot', 'statut', '', 'Status', 'stato', '', '', '', 'status', 'status', '', ''),
(147, 'view_invoice', 'view invoice', ' ', 'vista de la factura', ' ', 'view factuur', ' -', '', 'view fatura', 'vista da fatura', 'view szmla', 'vue facture', ' ', 'Ansicht Rechnung', 'vista fattura', '', ' ', ' ', 'propter cautionem', 'lihat faktur', '', ' '),
(148, 'paid', 'paid', '', 'pagado', '', 'betaald', '', '', 'cretli', 'pago', 'fizetett', 'pay', '', 'bezahlt', 'pagato', '', ' ', '', 'solutis', 'dibayar', '', ''),
(149, 'unpaid', 'unpaid', '', 'no pagado', ' ', 'onbetaald', '', '', 'denmemi', 'no remunerado', 'kifizetetlen', 'non rmunr', '', 'unbezahlt', 'non pagato', '', ' ', '', 'non est constitutus,', 'dibayar', '', ' '),
(150, 'add_invoice', 'add invoice', ' ', 'aadir factura', ' ', 'voeg factuur', ' ', '', 'faturay eklemek', 'adicionar fatura', 'hozz szmla', 'ajouter facture', ' ', 'Rechnung hinzufgen', 'aggiungere fattura', '', '  ', ' ', 'add cautionem', 'menambahkan faktur', '', ' '),
(151, 'payment_to', 'payment to', '', 'pago a', ' ', 'betaling aan', '', '', 'iin deme', 'pagamento', 'fizets', 'paiement', '', 'Zahlung an', 'pagamento', '', '', ' ', 'pecunia', 'pembayaran kepada', '', ' '),
(152, 'bill_to', 'bill to', '', 'proyecto de ley para', '  ', 'wetsvoorstel om', ' ', '', 'bill', 'projeto de lei para', 'trvnyjavaslat', 'projet de loi', '  ', 'Gesetzentwurf zur', 'disegno di legge per', '', '', '  ', 'latumque', 'RUU untuk', '', ''),
(153, 'invoice_title', 'invoice title', ' ', 'Ttulo de la factura', ' ', 'factuur titel', ' ', '', 'fatura balk', 'ttulo fatura', 'szmla cm', 'titre de la facture', ' ', 'Rechnungs Titel', 'title fattura', '', ' ', ' ', 'title cautionem', 'judul faktur', '', ' '),
(154, 'invoice_id', 'invoice id', ' ', 'Identificacin de la factura', ' ', 'factuur id', '- ID', '', 'fatura id', 'id fatura', 'szmla id', 'Identifiant facture', 'id ', 'Rechnung-ID', 'fattura id', '', ' ID', ' ', 'id cautionem', 'faktur id', 'ID', ' ID'),
(155, 'edit_invoice', 'edit invoice', ' ', 'edit factura', ' ', 'bewerk factuur', ' -', '', 'edit fatura', 'edio fatura', 'szerkeszts szmla', 'modifier la facture', 'edit ', 'edit Rechnung', 'modifica fattura', '', ' ', ' ', 'edit cautionem', 'mengedit faktur', '', ' ');
INSERT INTO `language` (`phrase_id`, `phrase`, `english`, `bengali`, `spanish`, `arabic`, `dutch`, `russian`, `chinese`, `turkish`, `portuguese`, `hungarian`, `french`, `greek`, `german`, `italian`, `thai`, `urdu`, `hindi`, `latin`, `indonesian`, `japanese`, `korean`) VALUES
(156, 'manage_library_books', 'manage library books', '   ', 'gestionar libros de la biblioteca', '  ', 'beheren bibliotheekboeken', '  ', '', 'kitaplar ktphane ynetmek', 'gerenciar os livros da biblioteca', 'kezelni knyvtri knyvek', 'grer des livres de bibliothque', '    ', 'Bcher aus der Bibliothek verwalten', 'gestire i libri della biblioteca', '', '    ', '    ', 'curo bibliotheca librorum,', 'mengelola buku perpustakaan', '', '  '),
(157, 'book_list', 'book list', '', 'lista de libros', ' ', 'boekenlijst', ' ', '', 'kitap listesi', 'lista de livros', 'book lista', 'liste de livres', ' ', 'Buchliste', 'elenco libri', '', '  ', ' ', 'album', 'daftar buku', '', ' '),
(158, 'add_book', 'add book', ' ', 'Aadir libro', ' ', 'boek toevoegen', ' ', '', 'kitap eklemek', 'adicionar livro', 'Knyv hozzadsa', 'ajouter livre', '  ', 'Buch hinzufgen', 'aggiungere il libro', '', ' ', ' ', 'adde libri', 'menambahkan buku', '', ' '),
(159, 'book_name', 'book name', ' ', 'Nombre del libro', ' ', 'boeknaam', ' ', '', 'kitap ad', 'nome livro', 'book nv', 'nom de livre', '   ', 'Buchnamen', 'nome del libro', '', '  ', '  ', 'librum nomine', 'nama buku', '', ' '),
(160, 'author', 'author', '', 'autor', '', 'auteur', '', '', 'yazar', 'autor', 'szerz', 'auteur', '', 'Autor', 'autore', '', '', '', 'auctor', 'penulis', '', ''),
(161, 'price', 'price', '', 'precio', '', 'prijs', '', '', 'fiyat', 'preo', 'r', 'prix', '', 'Preis', 'prezzo', '', '', '', 'price', 'harga', '', ''),
(162, 'available', 'available', '', 'disponible', '', 'beschikbaar', '', '', 'mevcut', 'disponvel', 'rendelkezsre ll', 'disponible', '', 'verfgbar', 'disponibile', '', '', '', 'available', 'tersedia', '', ''),
(163, 'unavailable', 'unavailable', '', 'indisponible', ' ', 'niet beschikbaar', '', '', 'yok', 'indisponvel', 'rhet el', 'indisponible', '', 'nicht verfgbar', 'non disponibile', '', ' ', '', 'unavailable', 'tidak tersedia', '', ''),
(164, 'edit_book', 'edit book', ' ', 'libro de edicin', ' ', 'bewerk boek', ' ', '', 'edit kitap', 'edio do livro', 'edit knyv', 'edit livre', '  ', 'edit Buch', 'modifica book', '', ' ', ' ', 'edit Liber', 'mengedit buku', '', ' '),
(165, 'manage_transport', 'manage transport', '  ', 'gestionar el transporte', ' ', 'beheren van vervoerssystemen', ' ', '', 'ulam ynetmek', 'gerenciar o transporte', 'kezelni a kzlekeds', 'la gestion du transport', '  ', 'Transport verwalten', 'gestire i trasporti', '', '    ', '  ', 'curo onerariis', 'mengelola transportasi', '', ' '),
(166, 'transport_list', 'transport list', ' ', 'Lista de transportes', ' ', 'lijst vervoer', ' ', '', 'tama listesi', 'Lista de transportes', 'szllts lista', 'liste de transport', '  ', 'Transportliste', 'elenco trasporti', '', '    ', ' ', 'turpis album', 'daftar transport', '', ' '),
(167, 'add_transport', 'add transport', '  ', 'aadir el transporte', ' ', 'voeg vervoer', ' ', '', 'tama ekle', 'adicionar transporte', 'hozz a kzlekeds', 'ajouter transports', ' ', 'add-Transport', 'aggiungere il trasporto', '', '   ', ' ', 'adde onerariis', 'tambahkan transportasi', '', ' '),
(168, 'route_name', 'route name', ' ', 'nombre de la ruta', ' ', 'naam van de route', ' ', '', 'rota ismi', 'nome da rota', 'tvonal nevt', 'nom de la route', ' ', 'Routennamen', 'nome del percorso', '', ' ', '  ', 'iter nomine', 'Nama rute', '', ' '),
(169, 'number_of_vehicle', 'number of vehicle', ' ', 'nmero de vehculo', '  ', 'aantal voertuigkilometers', ' ', '', 'Aracn says', 'nmero de veculo', 'szm gpjrm', 'nombre de vhicules', '  ', 'Anzahl der Fahrzeug', 'numero di veicolo', '', '  ', '  ', 'de numero scilicet vehiculum', 'jumlah kendaraan', '', ' '),
(170, 'route_fare', 'route fare', ' ', 'ruta hacer', ' ', 'route doen', ' ', '', 'yol yapmak', 'rota fazer', 'tvonal do', 'itinraire faire', ' ', 'Route zu tun', 'r', '', ' ', ' ', 'iter faciunt,', 'rute lakukan', '', ' '),
(171, 'edit_transport', 'edit transport', ' ', 'transporte de edicin', ' ', 'vervoer bewerken', ' ', '', 'edit ulam', 'edio transporte', 'szerkeszts szllts', 'transport modifier', 'edit ', 'edit Transport', 'modifica dei trasporti', '', '   ', ' ', 'edit onerariis', 'mengedit transportasi', '', ' '),
(172, 'manage_dormitory', 'manage dormitory', '  ', 'gestionar dormitorio', ' ', 'beheren slaapzaal', ' ', '', 'yurt ynetmek', 'gerenciar dormitrio', 'kezelni kollgiumi', 'grer dortoir', ' ', 'Schlafsaal verwalten', 'gestione dormitorio', '', '  ', '  ', 'curo dormitorio', 'mengelola asrama', '', ' '),
(173, 'dormitory_list', 'dormitory list', ' ', 'lista dormitorio', ' ', 'slaapzaal lijst', ' ', '', 'yurt listesi', 'lista dormitrio', 'kollgiumi lista', 'liste de dortoir', ' ', 'Schlafsaal Liste', 'elenco dormitorio', '', ' ', ' ', 'dormitorium album', 'daftar asrama', '', ' '),
(174, 'add_dormitory', 'add dormitory', ' ', 'aadir dormitorio', ' ', 'voeg slaapzaal', ' ', '', 'yurt ekle', 'adicionar dormitrio', 'hozz kollgiumi', 'ajouter dortoir', ' ', 'Schlaf hinzufgen', 'aggiungere dormitorio', '', ' ', ' ', 'adde dormitorio', 'menambahkan asrama', '', ' '),
(175, 'dormitory_name', 'dormitory name', ' ', 'Nombre del dormitorio', ' ', 'slaapzaal naam', ' ', '', 'yurt ad', 'nome dormitrio', 'kollgiumi nv', 'nom de dortoir', ' ', 'Schlaf Namen', 'Nome dormitorio', '', ' ', ' ', 'dormitorium nomine', 'Nama asrama', '', ' '),
(176, 'number_of_room', 'number of room', ' ', 'nmero de habitacin', ' ', 'aantal kamer', ' ', '', 'oda says', 'nmero de quarto', 'szma szobban', 'nombre de salle', '   ', 'Anzahl der Zimmer', 'numero delle camera', '', '  ', '  ', 'numerus locus', 'Jumlah kamar', '', ' '),
(177, 'manage_noticeboard', 'manage noticeboard', ' ', 'gestionar tabln de anuncios', ' ', 'beheren prikbord', '  ', '', 'Noticeboard ynetmek', 'gerenciar avisos', 'kezelni zenfaln', 'grer panneau d''affichage', ' ', 'Brett verwalten', 'gestione bacheca', '', 'noticeboard  ', 'Noticeboard  ', 'curo noticeboard', 'mengelola pengumuman', '', ' noticeboard '),
(178, 'noticeboard_list', 'noticeboard list', ' ', 'tabln de anuncios de la lista', ' ', 'prikbord lijst', '   ', '', 'noticeboard listesi', 'lista de avisos', 'zenfaln lista', 'liste de panneau d''affichage', ' ', 'Brett-Liste', 'elenco bacheca', '', 'noticeboard ', 'Noticeboard ', 'noticeboard album', 'daftar pengumuman', '', ' noticeboard '),
(179, 'add_noticeboard', 'add noticeboard', ' ', 'aadir tabln de anuncios', ' ', 'voeg prikbord', '  ', '', 'Noticeboard ekle', 'adicionar avisos', 'hozz zenfaln', 'ajouter panneau d''affichage', ' ', 'Brett hinzufgen', 'aggiungere bacheca', '', 'noticeboard ', 'Noticeboard ', 'adde noticeboard', 'menambahkan pengumuman', '', ' noticeboard '),
(180, 'notice', 'notice', '', 'aviso', '', 'kennisgeving', '', '', 'uyar', 'aviso', 'rtests', 'dlai', '', 'Bekanntmachung', 'avviso', '', '', '', 'Observa', 'pemberitahuan', '', ''),
(181, 'add_notice', 'add notice', '  ', 'aadir aviso', ' ', 'voeg bericht', ' ', '', 'haber ekle', 'adicionar aviso', 'hozz rtests', 'ajouter un avis', ' ', 'Hinweis hinzufgen', 'aggiungere preavviso', '', '   ', ' ', 'addunt et titulum', 'tambahkan pemberitahuan', '', ' '),
(182, 'edit_noticeboard', 'edit noticeboard', ' ', 'edit tabln de anuncios', ' ', 'bewerk prikbord', '   ', '', 'edit noticeboard', 'edio de avisos', 'szerkeszts zenfaln', 'modifier panneau d''affichage', 'edit ', 'Brett bearbeiten', 'modifica bacheca', '', '   noticeboard', ' Noticeboard', 'edit noticeboard', 'mengedit pengumuman', '', ' noticeboard'),
(183, 'system_name', 'system name', ' ', 'Nombre del sistema', ' ', 'Name System', ' ', '', 'sistemi ad', 'nome do sistema', 'rendszer neve', 'nom du systme', '  ', 'Systemnamen', 'nome del sistema', '', '  ', ' ', 'ratio nominis', 'Nama sistem', '', ' '),
(184, 'save', 'save', '', 'guardar', '', 'besparen', '', '', 'kurtarmak', 'salvar', 'kivve', 'sauver', '', 'sparen', 'salvare', '', '  ', '', 'salvum', 'menyimpan', '', ''),
(185, 'system_title', 'system title', ' ', 'Ttulo de sistema', ' ', 'systeem titel', ' ', '', 'Sistem balk', 'ttulo sistema', 'rendszer cm', 'titre du systme', '  ', 'System-Titel', 'titolo di sistema', '', ' ', ' ', 'ratio title', 'title sistem', '', ' '),
(186, 'paypal_email', 'paypal email', 'PayPal ', 'paypal email', '   ', 'paypal e-mail', 'PayPal   ', 'PayPal', 'paypal e-posta', 'paypal e-mail', 'paypal email', 'paypal email', 'paypal  ', 'paypal E-Mail', 'paypal-mail', 'paypal ', '   ', ' ', 'Paypal email', 'email paypal', 'Paypal', ' '),
(187, 'currency', 'currency', '', 'moneda', '', 'valuta', '', '', 'para', 'moeda', 'valuta', 'monnaie', '', 'Whrung', 'valuta', '', '', '', 'currency', 'mata uang', '', ''),
(188, 'phrase_list', 'phrase list', ' ', 'lista de frases', ' ', 'zinnenlijst', ' ', '', 'ifade listesi', 'lista de frases', 'kifejezs lista', 'liste de phrase', ' ', 'Phrasenliste', 'elenco frasi', '', ' ', ' ', 'dicitur album', 'Daftar frase', '', ' '),
(189, 'add_phrase', 'add phrase', ' ', 'aadir la frase', ' ', 'voeg zin', ' ', '', 'ifade eklemek', 'adicionar frase', 'adjunk kifejezst', 'ajouter la phrase', ' ', 'Begriff hinzufgen', 'aggiungere la frase', '', ' ', ' ', 'addere phrase', 'menambahkan frase', '', ' '),
(190, 'add_language', 'add language', ' ', 'aadir idioma', ' ', 'add taal', ' ', '', 'dil ekle', 'adicionar lngua', 'nyelv hozzadsa', 'ajouter la langue', ' ', 'Sprache hinzufgen', 'aggiungere la lingua', '', '  ', ' ', 'addere verbis', 'menambahkan bahasa', '', ' '),
(191, 'phrase', 'phrase', '', 'frase', '', 'frase', '', '', 'ifade', 'frase', 'kifejezs', 'phrase', '', 'Ausdruck', 'frase', '', '', '', 'phrase', 'frasa', '', '');
INSERT INTO `language` (`phrase_id`, `phrase`, `english`, `bengali`, `spanish`, `arabic`, `dutch`, `russian`, `chinese`, `turkish`, `portuguese`, `hungarian`, `french`, `greek`, `german`, `italian`, `thai`, `urdu`, `hindi`, `latin`, `indonesian`, `japanese`, `korean`) VALUES
(192, 'manage_backup_restore', 'manage backup restore', '   ', 'gestionar copias de seguridad a restaurar', '   ', 'beheer van back-up herstellen', '   ', '', 'yedekleme geri ynetmek', 'gerenciar o backup de restaurao', 'kezelni a biztonsgi ments visszalltsa', 'grer de restauration de sauvegarde', '   ', 'verwalten Backup wiederherstellen', 'gestire il ripristino di backup', '', '   ', '   ', 'curo tergum restituunt', 'mengelola backup restore', '', '  '),
(193, 'restore', 'restore', ' ', 'restaurar', '', 'herstellen', '', '', 'geri', 'restaurar', 'visszaad', 'restaurer', '', 'wiederherstellen', 'ripristinare', '', '', '', 'reddite', 'mengembalikan', '', ''),
(194, 'mark', 'mark', '', 'marca', '', 'mark', '', '', 'iaret', 'marca', 'jel', 'marque', '', 'Marke', 'marchio', '', '', '', 'Marcus', 'tanda', '', ''),
(195, 'grade', 'grade', '', 'grado', '', 'graad', '', '', 'snf', 'grau', 'fokozat', 'grade', '', 'Klasse', 'grado', '', '', '', 'gradus,', 'kelas', '', ''),
(196, 'invoice', 'invoice', '', 'factura', '', 'factuur', '-', '', 'fatura', 'fatura', 'szmla', 'facture', '', 'Rechnung', 'fattura', '', '', '', 'cautionem', 'faktur', '', ''),
(197, 'book', 'book', '', 'libro', '', 'boek', '', '', 'kitap', 'livro', 'knyv', 'livre', '', 'Buch', 'libro', '', '', '', 'Liber', 'buku', '', ''),
(198, 'all', 'all', '', 'todo', '', 'alle', '', '', 'tm', 'tudo', 'minden', 'tout', '', 'alle', 'tutto', '', '', '', 'omnes', 'semua', '', ''),
(199, 'upload_&_restore_from_backup', 'upload & restore from backup', ' &amp;   ', 'cargar y restaurar copia de seguridad', '    ', 'uploaden en terugzetten van een backup', '     ', '', 'ykleyebilir ve yedekten geri ykleme', 'fazer upload e restaurao de backup', 'feltlteni s visszalltani backup', 'tlcharger et restauration de la sauvegarde', '    backup', 'Upload &amp; Wiederherstellung von Backups', 'caricare e ripristinare dal backup', '', '       ', '    ', 'restituo ex tergum upload,', 'meng-upload &amp; restore dari backup', '', '   '),
(200, 'manage_profile', 'manage profile', ' ', 'gestionar el perfil', '  ', 'te beheren!', ' ', '', 'profilini ynetmek', 'gerenciar o perfil', 'Profil kezelse', 'grer le profil', '  ', 'Profil verwalten', 'gestire il profilo', '', '   ', '  ', 'curo profile', 'mengelola profil', '', ' ( ) '),
(201, 'update_profile', 'update profile', ' ', 'actualizar el perfil', '  ', 'Profiel bijwerken', ' ', '', 'profilinizi gncelleyin', 'atualizar o perfil', 'frissteni profil', 'mettre  jour le profil', '  ', 'Profil aktualisieren', 'aggiornare il profilo', '', '   ', ' ', 'magna eget ipsum', 'memperbarui profil', '', ' '),
(202, 'new_password', 'new password', ' ', 'nueva contrasea', '  ', 'nieuw wachtwoord', ' ', '', 'Yeni ifre', 'nova senha', 'j jelsz', 'nouveau mot de passe', ' ', 'Neues Passwort', 'nuova password', '', '  ', ' ', 'novum password', 'kata sandi baru', '', ' '),
(203, 'confirm_new_password', 'confirm new password', '   ', 'confirmar nueva contrasea', '   ', 'Bevestig nieuw wachtwoord', '  ', '', 'yeni parolay onaylayn', 'confirmar nova senha', 'erstse meg az j jelszt', 'confirmer le nouveau mot de passe', '   ', 'Besttigen eines neuen Kennwortes', 'conferma la nuova password', '', '    ', '   ', 'confirma novum password', 'konfirmasi password baru', '', '  '),
(204, 'update_password', 'update password', ' ', 'actualizar la contrasea', '  ', 'updaten wachtwoord', ' ', '', 'Parolanz gncellemek', 'atualizar senha', 'frissti jelsz', 'mettre  jour le mot de passe', '   ', 'Kennwort aktualisieren', 'aggiornare la password', '', '  ', ' ', 'scelerisque eget', 'memperbarui sandi', '', ' '),
(205, 'teacher_dashboard', 'teacher dashboard', ' ', 'tablero maestro', '   ', 'leraar dashboard', '  ', '', 'retmen pano', 'dashboard professor', 'tanr mszerfal', 'enseignant tableau de bord', '  ', 'Lehrer-Dashboard', 'dashboard insegnante', '', '  ', ' ', 'magister Dashboard', 'dashboard guru', '', '  '),
(206, 'backup_restore_help', 'backup restore help', '  ', 'copia de seguridad restaurar ayuda', '   ', 'backup helpen herstellen', '   ', '', 'yedekleme yardm geri', 'de backup restaurar ajuda', 'Backup Restore segtsgvel', 'restauration de sauvegarde de l''aide', '   ', 'Backup wiederherstellen Hilfe', 'Backup Restore aiuto', '', '    ', '  ', 'auxilium tergum restituunt', 'backup restore bantuan', '', '  '),
(207, 'student_dashboard', 'student dashboard', ' ', 'salpicadero estudiante', '  ', 'student dashboard', '  ', '', 'renci paneli', 'dashboard estudante', 'tanul mszerfal', 'tableau de bord de l''lve', '  ', 'Schler Armaturenbrett', 'studente dashboard', '', '    ', ' ', 'Discipulus Dashboard', 'dashboard mahasiswa', '', '  '),
(208, 'parent_dashboard', 'parent dashboard', ' ', 'salpicadero padres', '   ', 'ouder dashboard', '  ', '', 'ebeveyn kontrol paneli', 'dashboard pai', 'szl mszerfal', 'parent tableau de bord', ' ', 'Mutter Armaturenbrett', 'dashboard genitore', '', '   ', ' -  ', 'Dashboard parent', 'orangtua dashboard', '', '  '),
(209, 'view_marks', 'view marks', ' ', 'Vista marcas', ' ', 'view merken', ' ', '', 'grnm iaretleri', 'vista marcas', 'view jelek', 'Vue marques', ' ', 'Ansicht Marken', 'Vista marchi', '', ' ', '  ', 'propter signa', 'lihat tanda', '', ' '),
(210, 'delete_language', 'delete language', ' ', 'eliminar el lenguaje', ' ', 'verwijderen taal', ' ', '', 'dili silme', 'excluir lngua', 'trlse nyelv', 'supprimer la langue', ' ', 'Sprache lschen', 'eliminare lingua', '', '    ', '  ', 'linguam turpis', 'menghapus bahasa', '', ' '),
(211, 'settings_updated', 'settings updated', ' ', 'configuracin actualizado', ' ', 'instellingen bijgewerkt', ' ', '', 'ayarlar gncellendi', 'definies atualizadas', 'belltsok frisstve', 'paramtres mis  jour', ' ', 'Einstellungen aktualisiert', 'impostazioni aggiornate', '', '   ', ' ', 'venenatis eu', 'pengaturan diperbarui', '', ' '),
(212, 'update_phrase', 'update phrase', ' ', 'actualizacin de la frase', ' ', 'Update zin', ' ', '', 'gncelleme ifade', 'atualizao frase', 'frisstst kifejezs', 'mise  jour phrase', ' ', 'Update Begriff', 'aggiornamento frase', '', '  ', ' ', 'eget dictum', 'frase pembaruan', '', ' '),
(213, 'login_failed', 'login failed', '  ', 'Error de acceso', '  ', 'inloggen is mislukt', ' ', '', 'giri baarsz oldu', 'Falha no login', 'bejelentkezs sikertelen', 'chec de la connexion', ' ', 'Fehler bei der Anmeldung', 'Accesso non riuscito', '', '  ', ' ', 'tincidunt defecit', 'Login gagal', '', ' '),
(214, 'live_chat', 'live chat', ' ', 'chat en vivo', ' ', 'live chat', '-', '', 'canl sohbet', 'chat ao vivo', 'l chat', 'chat en direct', 'live chat', 'Live-Chat', 'live chat', '', ' ', ' ', 'Vivamus nibh', 'live chat', '', ' '),
(215, 'client 1', 'client 1', ' 1', 'cliente 1', ' 1', 'client 1', ' 1', '1', 'istemcisi 1', 'cliente 1', 'gyfl 1', 'client 1', ' 1', 'Client 1', 'client 1', ' 1', ' 1', ' 1', 'I huius', 'client 1', '1', ' 1'),
(216, 'buyer', 'buyer', '', 'comprador', '', 'koper', '', '', 'alc', 'comprador', 'vev', 'acheteur', '', 'Kufer', 'compratore', '', '', '', 'qui emit,', 'pembeli', '', ''),
(217, 'purchase_code', 'purchase code', ' ', 'cdigo de compra', ' ', 'aankoop code', ' ', '', 'satn alma kodu', 'cdigo de compra', 'vsrlsi kdot', 'code d''achat', ' ', 'Kauf-Code', 'codice di acquisto', '', '  ', ' ', 'Mauris euismod', 'kode pembelian', '', ' '),
(218, 'system_email', 'system email', ' ', 'correo electrnico del sistema', '  ', 'systeem e-mail', '  ', '', 'sistem e-posta', 'e-mail do sistema', 'a rendszer az e-mail', 'email de systme', 'e-mail ', 'E-Mail-System', 'email sistema', '', '   ', ' ', 'Praesent sit amet', 'email sistem', '', '  '),
(219, 'option', 'option', '', 'opcin', '', 'optie', '', '', 'seenek', 'opo', 'opci', 'option', '', 'Option', 'opzione', '', '', '', 'optio', 'pilihan', '', ''),
(220, 'edit_phrase', 'edit phrase', ' ', 'edit frase', ' ', 'bewerk zin', ' ', '', 'edit ifade', 'edio frase', 'szerkeszts kifejezs', 'modifier phrase', 'edit ', 'edit Begriff', 'modifica frase', '', '  ', ' ', 'edit phrase', 'mengedit frase', '', ' '),
(221, 'forgot_your_password', 'Forgot Your Password', '', '', '', '', '', '', '', '', '', '', '', '', '', '', '', '', '', '', '', ''),
(222, 'forgot_password', 'Forgot Password', '', '', '', '', '', '', '', '', '', '', '', '', '', '', '', '', '', '', '', ''),
(223, 'back_to_login', 'Back To Login', '', '', '', '', '', '', '', '', '', '', '', '', '', '', '', '', '', '', '', ''),
(224, 'return_to_login_page', 'Return to Login Page', '', '', '', '', '', '', '', '', '', '', '', '', '', '', '', '', '', '', '', ''),
(225, 'admit_student', 'Admit Student', '', '', '', '', '', '', '', '', '', '', '', '', '', '', '', '', '', '', '', ''),
(226, 'admit_bulk_student', 'Admit Bulk Student', '', '', '', '', '', '', '', '', '', '', '', '', '', '', '', '', '', '', '', ''),
(227, 'student_information', 'Student Information', '', '', '', '', '', '', '', '', '', '', '', '', '', '', '', '', '', '', '', ''),
(228, 'student_marksheet', 'Student Mark Sheet', '', '', '', '', '', '', '', '', '', '', '', '', '', '', '', '', '', '', '', ''),
(229, 'daily_attendance', 'Daily Attendance', '', '', '', '', '', '', '', '', '', '', '', '', '', '', '', '', '', '', '', ''),
(230, 'exam_grades', '', '', '', '', '', '', '', '', '', '', '', '', '', '', '', '', '', '', '', '', ''),
(231, 'message', '', '', '', '', '', '', '', '', '', '', '', '', '', '', '', '', '', '', '', '', ''),
(232, 'general_settings', '', '', '', '', '', '', '', '', '', '', '', '', '', '', '', '', '', '', '', '', ''),
(233, 'language_settings', '', '', '', '', '', '', '', '', '', '', '', '', '', '', '', '', '', '', '', '', ''),
(234, 'edit_profile', '', '', '', '', '', '', '', '', '', '', '', '', '', '', '', '', '', '', '', '', ''),
(235, 'event_schedule', '', '', '', '', '', '', '', '', '', '', '', '', '', '', '', '', '', '', '', '', ''),
(236, 'cancel', '', '', '', '', '', '', '', '', '', '', '', '', '', '', '', '', '', '', '', '', ''),
(237, 'addmission_form', '', '', '', '', '', '', '', '', '', '', '', '', '', '', '', '', '', '', '', '', ''),
(238, 'value_required', '', '', '', '', '', '', '', '', '', '', '', '', '', '', '', '', '', '', '', '', ''),
(239, 'select', '', '', '', '', '', '', '', '', '', '', '', '', '', '', '', '', '', '', '', '', ''),
(240, 'gender', '', '', '', '', '', '', '', '', '', '', '', '', '', '', '', '', '', '', '', '', ''),
(241, 'add_bulk_student', '', '', '', '', '', '', '', '', '', '', '', '', '', '', '', '', '', '', '', '', ''),
(242, 'student_bulk_add_form', '', '', '', '', '', '', '', '', '', '', '', '', '', '', '', '', '', '', '', '', ''),
(243, 'select_excel_file', '', '', '', '', '', '', '', '', '', '', '', '', '', '', '', '', '', '', '', '', ''),
(244, 'upload_and_import', '', '', '', '', '', '', '', '', '', '', '', '', '', '', '', '', '', '', '', '', ''),
(245, 'manage_classes', '', '', '', '', '', '', '', '', '', '', '', '', '', '', '', '', '', '', '', '', ''),
(246, 'manage_sections', '', '', '', '', '', '', '', '', '', '', '', '', '', '', '', '', '', '', '', '', ''),
(247, 'add_new_teacher', '', '', '', '', '', '', '', '', '', '', '', '', '', '', '', '', '', '', '', '', ''),
(248, 'section_name', '', '', '', '', '', '', '', '', '', '', '', '', '', '', '', '', '', '', '', '', ''),
(249, 'nick_name', '', '', '', '', '', '', '', '', '', '', '', '', '', '', '', '', '', '', '', '', ''),
(250, 'add_new_section', '', '', '', '', '', '', '', '', '', '', '', '', '', '', '', '', '', '', '', '', ''),
(251, 'add_section', '', '', '', '', '', '', '', '', '', '', '', '', '', '', '', '', '', '', '', '', ''),
(252, 'update', '', '', '', '', '', '', '', '', '', '', '', '', '', '', '', '', '', '', '', '', ''),
(253, 'section', '', '', '', '', '', '', '', '', '', '', '', '', '', '', '', '', '', '', '', '', ''),
(254, 'select_class_first', '', '', '', '', '', '', '', '', '', '', '', '', '', '', '', '', '', '', '', '', ''),
(255, 'parent_information', '', '', '', '', '', '', '', '', '', '', '', '', '', '', '', '', '', '', '', '', ''),
(256, 'relation', '', '', '', '', '', '', '', '', '', '', '', '', '', '', '', '', '', '', '', '', ''),
(257, 'add_form', '', '', '', '', '', '', '', '', '', '', '', '', '', '', '', '', '', '', '', '', ''),
(258, 'all_parents', '', '', '', '', '', '', '', '', '', '', '', '', '', '', '', '', '', '', '', '', ''),
(259, 'parents', '', '', '', '', '', '', '', '', '', '', '', '', '', '', '', '', '', '', '', '', ''),
(260, 'add_new_parent', '', '', '', '', '', '', '', '', '', '', '', '', '', '', '', '', '', '', '', '', ''),
(261, 'add_new_student', '', '', '', '', '', '', '', '', '', '', '', '', '', '', '', '', '', '', '', '', ''),
(262, 'all_students', '', '', '', '', '', '', '', '', '', '', '', '', '', '', '', '', '', '', '', '', ''),
(263, 'view_marksheet', '', '', '', '', '', '', '', '', '', '', '', '', '', '', '', '', '', '', '', '', ''),
(264, 'text_align', '', '', '', '', '', '', '', '', '', '', '', '', '', '', '', '', '', '', '', '', ''),
(265, 'clickatell_username', '', '', '', '', '', '', '', '', '', '', '', '', '', '', '', '', '', '', '', '', ''),
(266, 'clickatell_password', '', '', '', '', '', '', '', '', '', '', '', '', '', '', '', '', '', '', '', '', ''),
(267, 'clickatell_api_id', '', '', '', '', '', '', '', '', '', '', '', '', '', '', '', '', '', '', '', '', ''),
(268, 'sms_settings', '', '', '', '', '', '', '', '', '', '', '', '', '', '', '', '', '', '', '', '', ''),
(269, 'data_updated', '', '', '', '', '', '', '', '', '', '', '', '', '', '', '', '', '', '', '', '', ''),
(270, 'data_added_successfully', '', '', '', '', '', '', '', '', '', '', '', '', '', '', '', '', '', '', '', '', ''),
(271, 'edit_notice', '', '', '', '', '', '', '', '', '', '', '', '', '', '', '', '', '', '', '', '', ''),
(272, 'private_messaging', '', '', '', '', '', '', '', '', '', '', '', '', '', '', '', '', '', '', '', '', ''),
(273, 'messages', '', '', '', '', '', '', '', '', '', '', '', '', '', '', '', '', '', '', '', '', ''),
(274, 'new_message', '', '', '', '', '', '', '', '', '', '', '', '', '', '', '', '', '', '', '', '', ''),
(275, 'write_new_message', '', '', '', '', '', '', '', '', '', '', '', '', '', '', '', '', '', '', '', '', ''),
(276, 'recipient', '', '', '', '', '', '', '', '', '', '', '', '', '', '', '', '', '', '', '', '', ''),
(277, 'select_a_user', '', '', '', '', '', '', '', '', '', '', '', '', '', '', '', '', '', '', '', '', ''),
(278, 'write_your_message', '', '', '', '', '', '', '', '', '', '', '', '', '', '', '', '', '', '', '', '', ''),
(279, 'send', '', '', '', '', '', '', '', '', '', '', '', '', '', '', '', '', '', '', '', '', '');
INSERT INTO `language` (`phrase_id`, `phrase`, `english`, `bengali`, `spanish`, `arabic`, `dutch`, `russian`, `chinese`, `turkish`, `portuguese`, `hungarian`, `french`, `greek`, `german`, `italian`, `thai`, `urdu`, `hindi`, `latin`, `indonesian`, `japanese`, `korean`) VALUES
(280, 'current_password', '', '', '', '', '', '', '', '', '', '', '', '', '', '', '', '', '', '', '', '', ''),
(281, 'exam_marks', '', '', '', '', '', '', '', '', '', '', '', '', '', '', '', '', '', '', '', '', ''),
(282, 'marks_obtained', '', '', '', '', '', '', '', '', '', '', '', '', '', '', '', '', '', '', '', '', ''),
(283, 'total_marks', '', '', '', '', '', '', '', '', '', '', '', '', '', '', '', '', '', '', '', '', ''),
(284, 'comments', '', '', '', '', '', '', '', '', '', '', '', '', '', '', '', '', '', '', '', '', ''),
(285, 'theme_settings', '', '', '', '', '', '', '', '', '', '', '', '', '', '', '', '', '', '', '', '', ''),
(286, 'select_theme', '', '', '', '', '', '', '', '', '', '', '', '', '', '', '', '', '', '', '', '', ''),
(287, 'theme_selected', '', '', '', '', '', '', '', '', '', '', '', '', '', '', '', '', '', '', '', '', ''),
(288, 'language_list', '', '', '', '', '', '', '', '', '', '', '', '', '', '', '', '', '', '', '', '', ''),
(289, 'payment_cancelled', '', '', '', '', '', '', '', '', '', '', '', '', '', '', '', '', '', '', '', '', ''),
(290, 'study_material', '', '', '', '', '', '', '', '', '', '', '', '', '', '', '', '', '', '', '', '', ''),
(291, 'download', '', '', '', '', '', '', '', '', '', '', '', '', '', '', '', '', '', '', '', '', ''),
(292, 'select_a_theme_to_make_changes', '', '', '', '', '', '', '', '', '', '', '', '', '', '', '', '', '', '', '', '', ''),
(293, 'manage_daily_attendance', '', '', '', '', '', '', '', '', '', '', '', '', '', '', '', '', '', '', '', '', ''),
(294, 'select_date', '', '', '', '', '', '', '', '', '', '', '', '', '', '', '', '', '', '', '', '', ''),
(295, 'select_month', '', '', '', '', '', '', '', '', '', '', '', '', '', '', '', '', '', '', '', '', ''),
(296, 'select_year', '', '', '', '', '', '', '', '', '', '', '', '', '', '', '', '', '', '', '', '', ''),
(297, 'manage_attendance', '', '', '', '', '', '', '', '', '', '', '', '', '', '', '', '', '', '', '', '', ''),
(298, 'twilio_account', '', '', '', '', '', '', '', '', '', '', '', '', '', '', '', '', '', '', '', '', ''),
(299, 'authentication_token', '', '', '', '', '', '', '', '', '', '', '', '', '', '', '', '', '', '', '', '', ''),
(300, 'registered_phone_number', '', '', '', '', '', '', '', '', '', '', '', '', '', '', '', '', '', '', '', '', ''),
(301, 'select_a_service', '', '', '', '', '', '', '', '', '', '', '', '', '', '', '', '', '', '', '', '', ''),
(302, 'active', '', '', '', '', '', '', '', '', '', '', '', '', '', '', '', '', '', '', '', '', ''),
(303, 'disable_sms_service', '', '', '', '', '', '', '', '', '', '', '', '', '', '', '', '', '', '', '', '', ''),
(304, 'not_selected', '', '', '', '', '', '', '', '', '', '', '', '', '', '', '', '', '', '', '', '', ''),
(305, 'disabled', '', '', '', '', '', '', '', '', '', '', '', '', '', '', '', '', '', '', '', '', ''),
(306, 'present', '', '', '', '', '', '', '', '', '', '', '', '', '', '', '', '', '', '', '', '', ''),
(307, 'absent', '', '', '', '', '', '', '', '', '', '', '', '', '', '', '', '', '', '', '', '', ''),
(308, 'accounting', '', '', '', '', '', '', '', '', '', '', '', '', '', '', '', '', '', '', '', '', ''),
(309, 'income', '', '', '', '', '', '', '', '', '', '', '', '', '', '', '', '', '', '', '', '', ''),
(310, 'expense', '', '', '', '', '', '', '', '', '', '', '', '', '', '', '', '', '', '', '', '', ''),
(311, 'incomes', '', '', '', '', '', '', '', '', '', '', '', '', '', '', '', '', '', '', '', '', ''),
(312, 'invoice_informations', '', '', '', '', '', '', '', '', '', '', '', '', '', '', '', '', '', '', '', '', ''),
(313, 'payment_informations', '', '', '', '', '', '', '', '', '', '', '', '', '', '', '', '', '', '', '', '', ''),
(314, 'total', '', '', '', '', '', '', '', '', '', '', '', '', '', '', '', '', '', '', '', '', ''),
(315, 'enter_total_amount', '', '', '', '', '', '', '', '', '', '', '', '', '', '', '', '', '', '', '', '', ''),
(316, 'enter_payment_amount', '', '', '', '', '', '', '', '', '', '', '', '', '', '', '', '', '', '', '', '', ''),
(317, 'payment_status', '', '', '', '', '', '', '', '', '', '', '', '', '', '', '', '', '', '', '', '', ''),
(318, 'method', '', '', '', '', '', '', '', '', '', '', '', '', '', '', '', '', '', '', '', '', ''),
(319, 'cash', '', '', '', '', '', '', '', '', '', '', '', '', '', '', '', '', '', '', '', '', ''),
(320, 'check', '', '', '', '', '', '', '', '', '', '', '', '', '', '', '', '', '', '', '', '', ''),
(321, 'card', '', '', '', '', '', '', '', '', '', '', '', '', '', '', '', '', '', '', '', '', ''),
(322, 'data_deleted', '', '', '', '', '', '', '', '', '', '', '', '', '', '', '', '', '', '', '', '', ''),
(323, 'total_amount', '', '', '', '', '', '', '', '', '', '', '', '', '', '', '', '', '', '', '', '', ''),
(324, 'take_payment', '', '', '', '', '', '', '', '', '', '', '', '', '', '', '', '', '', '', '', '', ''),
(325, 'payment_history', '', '', '', '', '', '', '', '', '', '', '', '', '', '', '', '', '', '', '', '', ''),
(326, 'amount_paid', '', '', '', '', '', '', '', '', '', '', '', '', '', '', '', '', '', '', '', '', ''),
(327, 'due', '', '', '', '', '', '', '', '', '', '', '', '', '', '', '', '', '', '', '', '', ''),
(328, 'payment_successfull', '', '', '', '', '', '', '', '', '', '', '', '', '', '', '', '', '', '', '', '', ''),
(329, 'creation_date', '', '', '', '', '', '', '', '', '', '', '', '', '', '', '', '', '', '', '', '', ''),
(330, 'invoice_entries', '', '', '', '', '', '', '', '', '', '', '', '', '', '', '', '', '', '', '', '', ''),
(331, 'paid_amount', '', '', '', '', '', '', '', '', '', '', '', '', '', '', '', '', '', '', '', '', ''),
(332, 'send_sms_to_all', '', '', '', '', '', '', '', '', '', '', '', '', '', '', '', '', '', '', '', '', ''),
(333, 'yes', '', '', '', '', '', '', '', '', '', '', '', '', '', '', '', '', '', '', '', '', ''),
(334, 'no', '', '', '', '', '', '', '', '', '', '', '', '', '', '', '', '', '', '', '', '', ''),
(335, 'activated', '', '', '', '', '', '', '', '', '', '', '', '', '', '', '', '', '', '', '', '', ''),
(336, 'sms_service_not_activated', '', '', '', '', '', '', '', '', '', '', '', '', '', '', '', '', '', '', '', '', ''),
(337, 'add_study_material', '', '', '', '', '', '', '', '', '', '', '', '', '', '', '', '', '', '', '', '', ''),
(338, 'file', '', '', '', '', '', '', '', '', '', '', '', '', '', '', '', '', '', '', '', '', ''),
(339, 'file_type', '', '', '', '', '', '', '', '', '', '', '', '', '', '', '', '', '', '', '', '', ''),
(340, 'select_file_type', '', '', '', '', '', '', '', '', '', '', '', '', '', '', '', '', '', '', '', '', ''),
(341, 'image', '', '', '', '', '', '', '', '', '', '', '', '', '', '', '', '', '', '', '', '', ''),
(342, 'doc', '', '', '', '', '', '', '', '', '', '', '', '', '', '', '', '', '', '', '', '', ''),
(343, 'pdf', '', '', '', '', '', '', '', '', '', '', '', '', '', '', '', '', '', '', '', '', ''),
(344, 'excel', '', '', '', '', '', '', '', '', '', '', '', '', '', '', '', '', '', '', '', '', ''),
(345, 'other', '', '', '', '', '', '', '', '', '', '', '', '', '', '', '', '', '', '', '', '', ''),
(346, 'expenses', '', '', '', '', '', '', '', '', '', '', '', '', '', '', '', '', '', '', '', '', ''),
(347, 'add_new_expense', '', '', '', '', '', '', '', '', '', '', '', '', '', '', '', '', '', '', '', '', ''),
(348, 'add_expense', '', '', '', '', '', '', '', '', '', '', '', '', '', '', '', '', '', '', '', '', ''),
(349, 'edit_expense', '', '', '', '', '', '', '', '', '', '', '', '', '', '', '', '', '', '', '', '', ''),
(350, 'total_mark', '', '', '', '', '', '', '', '', '', '', '', '', '', '', '', '', '', '', '', '', ''),
(351, 'send_marks_by_sms', '', '', '', '', '', '', '', '', '', '', '', '', '', '', '', '', '', '', '', '', ''),
(352, 'send_marks', '', '', '', '', '', '', '', '', '', '', '', '', '', '', '', '', '', '', '', '', ''),
(353, 'select_receiver', '', '', '', '', '', '', '', '', '', '', '', '', '', '', '', '', '', '', '', '', ''),
(354, 'students', '', '', '', '', '', '', '', '', '', '', '', '', '', '', '', '', '', '', '', '', ''),
(355, 'marks_of', '', '', '', '', '', '', '', '', '', '', '', '', '', '', '', '', '', '', '', '', ''),
(356, 'for', '', '', '', '', '', '', '', '', '', '', '', '', '', '', '', '', '', '', '', '', ''),
(357, 'message_sent', '', '', '', '', '', '', '', '', '', '', '', '', '', '', '', '', '', '', '', '', ''),
(358, 'expense_category', '', '', '', '', '', '', '', '', '', '', '', '', '', '', '', '', '', '', '', '', ''),
(359, 'add_new_expense_category', '', '', '', '', '', '', '', '', '', '', '', '', '', '', '', '', '', '', '', '', ''),
(360, 'add_expense_category', '', '', '', '', '', '', '', '', '', '', '', '', '', '', '', '', '', '', '', '', ''),
(361, 'category', '', '', '', '', '', '', '', '', '', '', '', '', '', '', '', '', '', '', '', '', ''),
(362, 'select_expense_category', '', '', '', '', '', '', '', '', '', '', '', '', '', '', '', '', '', '', '', '', ''),
(363, 'message_sent!', '', '', '', '', '', '', '', '', '', '', '', '', '', '', '', '', '', '', '', '', ''),
(364, 'reply_message', '', '', '', '', '', '', '', '', '', '', '', '', '', '', '', '', '', '', '', '', ''),
(365, 'account_updated', '', '', '', '', '', '', '', '', '', '', '', '', '', '', '', '', '', '', '', '', ''),
(366, 'upload_logo', '', '', '', '', '', '', '', '', '', '', '', '', '', '', '', '', '', '', '', '', ''),
(367, 'upload', 'Upload', '', '', '', '', '', '', '', '', '', '', '', '', '', '', '', '', '', '', '', ''),
(368, 'study_material_info_saved_successfuly', '', '', '', '', '', '', '', '', '', '', '', '', '', '', '', '', '', '', '', '', ''),
(369, 'edit_study_material', '', '', '', '', '', '', '', '', '', '', '', '', '', '', '', '', '', '', '', '', ''),
(370, 'default_theme', '', '', '', '', '', '', '', '', '', '', '', '', '', '', '', '', '', '', '', '', ''),
(371, 'default', '', '', '', '', '', '', '', '', '', '', '', '', '', '', '', '', '', '', '', '', ''),
(372, 'tabulation_sheet', '', '', '', '', '', '', '', '', '', '', '', '', '', '', '', '', '', '', '', '', ''),
(373, 'create_student_payment', '', '', '', '', '', '', '', '', '', '', '', '', '', '', '', '', '', '', '', '', ''),
(374, 'student_payments', '', '', '', '', '', '', '', '', '', '', '', '', '', '', '', '', '', '', '', '', ''),
(375, 'update_product', '', '', '', '', '', '', '', '', '', '', '', '', '', '', '', '', '', '', '', '', ''),
(376, 'install_update', '', '', '', '', '', '', '', '', '', '', '', '', '', '', '', '', '', '', '', '', ''),
(377, 'transport_route', '', '', '', '', '', '', '', '', '', '', '', '', '', '', '', '', '', '', '', '', ''),
(378, 'hour', '', '', '', '', '', '', '', '', '', '', '', '', '', '', '', '', '', '', '', '', ''),
(379, 'minutes', '', '', '', '', '', '', '', '', '', '', '', '', '', '', '', '', '', '', '', '', ''),
(380, 'password_updated', '', '', '', '', '', '', '', '', '', '', '', '', '', '', '', '', '', '', '', '', ''),
(381, 'attendance_report', '', '', '', '', '', '', '', '', '', '', '', '', '', '', '', '', '', '', '', '', ''),
(382, 'select_student', '', '', '', '', '', '', '', '', '', '', '', '', '', '', '', '', '', '', '', '', ''),
(383, 'manage_session', '', '', '', '', '', '', '', '', '', '', '', '', '', '', '', '', '', '', '', '', ''),
(384, 'academic_syllabus', '', '', '', '', '', '', '', '', '', '', '', '', '', '', '', '', '', '', '', '', ''),
(385, 'teachers', '', '', '', '', '', '', '', '', '', '', '', '', '', '', '', '', '', '', '', '', ''),
(386, 'librarians', '', '', '', '', '', '', '', '', '', '', '', '', '', '', '', '', '', '', '', '', ''),
(387, 'manage_alumni', '', '', '', '', '', '', '', '', '', '', '', '', '', '', '', '', '', '', '', '', ''),
(388, 'manage_media', '', '', '', '', '', '', '', '', '', '', '', '', '', '', '', '', '', '', '', '', ''),
(389, 'all_enquiries', '', '', '', '', '', '', '', '', '', '', '', '', '', '', '', '', '', '', '', '', ''),
(390, 'manage_loan', '', '', '', '', '', '', '', '', '', '', '', '', '', '', '', '', '', '', '', '', ''),
(391, 'manage_loan_applicants', '', '', '', '', '', '', '', '', '', '', '', '', '', '', '', '', '', '', '', '', ''),
(392, 'manage_loan_approvals', '', '', '', '', '', '', '', '', '', '', '', '', '', '', '', '', '', '', '', '', ''),
(393, 'enquiry_category', '', '', '', '', '', '', '', '', '', '', '', '', '', '', '', '', '', '', '', '', ''),
(394, 'accountants', '', '', '', '', '', '', '', '', '', '', '', '', '', '', '', '', '', '', '', '', ''),
(395, 'hostel_manager', '', '', '', '', '', '', '', '', '', '', '', '', '', '', '', '', '', '', '', '', ''),
(396, 'generate_ID_cards', '', '', '', '', '', '', '', '', '', '', '', '', '', '', '', '', '', '', '', '', ''),
(397, 'subjects', '', '', '', '', '', '', '', '', '', '', '', '', '', '', '', '', '', '', '', '', ''),
(398, 'classs', '', '', '', '', '', '', '', '', '', '', '', '', '', '', '', '', '', '', '', '', ''),
(399, 'class_routines', '', '', '', '', '', '', '', '', '', '', '', '', '', '', '', '', '', '', '', '', ''),
(400, 'school_clubs', '', '', '', '', '', '', '', '', '', '', '', '', '', '', '', '', '', '', '', '', ''),
(401, 'manage_circular', '', '', '', '', '', '', '', '', '', '', '', '', '', '', '', '', '', '', '', '', ''),
(402, 'task_manager', '', '', '', '', '', '', '', '', '', '', '', '', '', '', '', '', '', '', '', '', ''),
(403, 'study_materials', '', '', '', '', '', '', '', '', '', '', '', '', '', '', '', '', '', '', '', '', ''),
(404, 'daily_attendances', '', '', '', '', '', '', '', '', '', '', '', '', '', '', '', '', '', '', '', '', ''),
(405, 'manage_CBT', '', '', '', '', '', '', '', '', '', '', '', '', '', '', '', '', '', '', '', '', ''),
(406, 'add_exams', '', '', '', '', '', '', '', '', '', '', '', '', '', '', '', '', '', '', '', '', ''),
(407, 'list_exams', '', '', '', '', '', '', '', '', '', '', '', '', '', '', '', '', '', '', '', '', ''),
(408, 'view_result', '', '', '', '', '', '', '', '', '', '', '', '', '', '', '', '', '', '', '', '', ''),
(409, 'exams', '', '', '', '', '', '', '', '', '', '', '', '', '', '', '', '', '', '', '', '', ''),
(410, 'manage_exam_questions', '', '', '', '', '', '', '', '', '', '', '', '', '', '', '', '', '', '', '', '', ''),
(411, 'assignments', '', '', '', '', '', '', '', '', '', '', '', '', '', '', '', '', '', '', '', '', ''),
(412, 'libraries', '', '', '', '', '', '', '', '', '', '', '', '', '', '', '', '', '', '', '', '', ''),
(413, 'transports', '', '', '', '', '', '', '', '', '', '', '', '', '', '', '', '', '', '', '', '', ''),
(414, 'dormitories', '', '', '', '', '', '', '', '', '', '', '', '', '', '', '', '', '', '', '', '', ''),
(415, 'noticeboards', '', '', '', '', '', '', '', '', '', '', '', '', '', '', '', '', '', '', '', '', ''),
(416, 'manage_holiday', '', '', '', '', '', '', '', '', '', '', '', '', '', '', '', '', '', '', '', '', ''),
(417, 'manage_thoughts', '', '', '', '', '', '', '', '', '', '', '', '', '', '', '', '', '', '', '', '', ''),
(418, 'front_end_settings', '', '', '', '', '', '', '', '', '', '', '', '', '', '', '', '', '', '', '', '', ''),
(419, 'manage_banners', '', '', '', '', '', '', '', '', '', '', '', '', '', '', '', '', '', '', '', '', ''),
(420, 'system_information', '', '', '', '', '', '', '', '', '', '', '', '', '', '', '', '', '', '', '', '', ''),
(421, 'news_settings', '', '', '', '', '', '', '', '', '', '', '', '', '', '', '', '', '', '', '', '', ''),
(422, 'manage_help_link', '', '', '', '', '', '', '', '', '', '', '', '', '', '', '', '', '', '', '', '', ''),
(423, 'manage_help_desks', '', '', '', '', '', '', '', '', '', '', '', '', '', '', '', '', '', '', '', '', ''),
(424, 'manage_account', '', '', '', '', '', '', '', '', '', '', '', '', '', '', '', '', '', '', '', '', ''),
(425, 'librarian', '', '', '', '', '', '', '', '', '', '', '', '', '', '', '', '', '', '', '', '', ''),
(426, 'Accountants', '', '', '', '', '', '', '', '', '', '', '', '', '', '', '', '', '', '', '', '', ''),
(427, 'all_enquries', '', '', '', '', '', '', '', '', '', '', '', '', '', '', '', '', '', '', '', '', ''),
(428, 'all_messages', '', '', '', '', '', '', '', '', '', '', '', '', '', '', '', '', '', '', '', '', ''),
(429, 'Charts', '', '', '', '', '', '', '', '', '', '', '', '', '', '', '', '', '', '', '', '', ''),
(430, 'transportations', '', '', '', '', '', '', '', '', '', '', '', '', '', '', '', '', '', '', '', '', ''),
(431, 'syllabus', '', '', '', '', '', '', '', '', '', '', '', '', '', '', '', '', '', '', '', '', ''),
(432, 'all_news', '', '', '', '', '', '', '', '', '', '', '', '', '', '', '', '', '', '', '', '', ''),
(433, 'exam_question', '', '', '', '', '', '', '', '', '', '', '', '', '', '', '', '', '', '', '', '', ''),
(434, 'thoughts', '', '', '', '', '', '', '', '', '', '', '', '', '', '', '', '', '', '', '', '', ''),
(435, 'all_invoice', '', '', '', '', '', '', '', '', '', '', '', '', '', '', '', '', '', '', '', '', ''),
(436, 'help_desk', '', '', '', '', '', '', '', '', '', '', '', '', '', '', '', '', '', '', '', '', ''),
(437, 'results', '', '', '', '', '', '', '', '', '', '', '', '', '', '', '', '', '', '', '', '', ''),
(438, 'enquiry', '', '', '', '', '', '', '', '', '', '', '', '', '', '', '', '', '', '', '', '', ''),
(439, 'media', '', '', '', '', '', '', '', '', '', '', '', '', '', '', '', '', '', '', '', '', ''),
(440, 'Accountants', '', '', '', '', '', '', '', '', '', '', '', '', '', '', '', '', '', '', '', '', ''),
(441, 'Accountants', '', '', '', '', '', '', '', '', '', '', '', '', '', '', '', '', '', '', '', '', ''),
(442, 'Accountants', '', '', '', '', '', '', '', '', '', '', '', '', '', '', '', '', '', '', '', '', ''),
(443, 'Accountants', '', '', '', '', '', '', '', '', '', '', '', '', '', '', '', '', '', '', '', '', ''),
(444, 'marks_information_page', '', '', '', '', '', '', '', '', '', '', '', '', '', '', '', '', '', '', '', '', ''),
(445, 'update_marks', '', '', '', '', '', '', '', '', '', '', '', '', '', '', '', '', '', '', '', '', ''),
(446, 'Accountants', '', '', '', '', '', '', '', '', '', '', '', '', '', '', '', '', '', '', '', '', ''),
(447, 'Accountants', '', '', '', '', '', '', '', '', '', '', '', '', '', '', '', '', '', '', '', '', ''),
(448, 'view_tabulation_sheet', '', '', '', '', '', '', '', '', '', '', '', '', '', '', '', '', '', '', '', '', ''),
(449, 'Accountants', '', '', '', '', '', '', '', '', '', '', '', '', '', '', '', '', '', '', '', '', ''),
(450, 'Accountants', '', '', '', '', '', '', '', '', '', '', '', '', '', '', '', '', '', '', '', '', ''),
(451, 'class score', '', '', '', '', '', '', '', '', '', '', '', '', '', '', '', '', '', '', '', '', ''),
(452, 'exam score', '', '', '', '', '', '', '', '', '', '', '', '', '', '', '', '', '', '', '', '', ''),
(453, 'SUBJECTS', '', '', '', '', '', '', '', '', '', '', '', '', '', '', '', '', '', '', '', '', ''),
(454, 'TOTALS', '', '', '', '', '', '', '', '', '', '', '', '', '', '', '', '', '', '', '', '', ''),
(455, 'print_tabulation_sheet', '', '', '', '', '', '', '', '', '', '', '', '', '', '', '', '', '', '', '', '', ''),
(456, 'SUBJECTS', '', '', '', '', '', '', '', '', '', '', '', '', '', '', '', '', '', '', '', '', ''),
(457, 'TOTALS: ', '', '', '', '', '', '', '', '', '', '', '', '', '', '', '', '', '', '', '', '', ''),
(458, 'SUBJECTS', '', '', '', '', '', '', '', '', '', '', '', '', '', '', '', '', '', '', '', '', ''),
(459, 'SUBJECTS', '', '', '', '', '', '', '', '', '', '', '', '', '', '', '', '', '', '', '', '', ''),
(460, 'SUBJECTS', '', '', '', '', '', '', '', '', '', '', '', '', '', '', '', '', '', '', '', '', ''),
(461, 'SUBJECTS', '', '', '', '', '', '', '', '', '', '', '', '', '', '', '', '', '', '', '', '', ''),
(462, 'SUBJECTS', '', '', '', '', '', '', '', '', '', '', '', '', '', '', '', '', '', '', '', '', ''),
(463, 'SUBJECTS', '', '', '', '', '', '', '', '', '', '', '', '', '', '', '', '', '', '', '', '', ''),
(464, 'SUBJECTS', '', '', '', '', '', '', '', '', '', '', '', '', '', '', '', '', '', '', '', '', ''),
(465, 'Accountants', '', '', '', '', '', '', '', '', '', '', '', '', '', '', '', '', '', '', '', '', ''),
(466, 'manage_librarian', '', '', '', '', '', '', '', '', '', '', '', '', '', '', '', '', '', '', '', '', ''),
(467, 'librarian_information_page', '', '', '', '', '', '', '', '', '', '', '', '', '', '', '', '', '', '', '', '', ''),
(468, 'add_new_librarian', '', '', '', '', '', '', '', '', '', '', '', '', '', '', '', '', '', '', '', '', ''),
(469, 'SUBJECTS', '', '', '', '', '', '', '', '', '', '', '', '', '', '', '', '', '', '', '', '', ''),
(470, 'SUBJECTS', '', '', '', '', '', '', '', '', '', '', '', '', '', '', '', '', '', '', '', '', ''),
(471, 'SUBJECTS', '', '', '', '', '', '', '', '', '', '', '', '', '', '', '', '', '', '', '', '', ''),
(472, 'SUBJECTS', '', '', '', '', '', '', '', '', '', '', '', '', '', '', '', '', '', '', '', '', ''),
(473, 'SUBJECTS', '', '', '', '', '', '', '', '', '', '', '', '', '', '', '', '', '', '', '', '', ''),
(474, 'SUBJECTS', '', '', '', '', '', '', '', '', '', '', '', '', '', '', '', '', '', '', '', '', ''),
(475, 'SUBJECTS', '', '', '', '', '', '', '', '', '', '', '', '', '', '', '', '', '', '', '', '', ''),
(476, 'SUBJECTS', '', '', '', '', '', '', '', '', '', '', '', '', '', '', '', '', '', '', '', '', ''),
(477, 'SUBJECTS', '', '', '', '', '', '', '', '', '', '', '', '', '', '', '', '', '', '', '', '', ''),
(478, 'Accountants', '', '', '', '', '', '', '', '', '', '', '', '', '', '', '', '', '', '', '', '', ''),
(479, 'SUBJECTS', '', '', '', '', '', '', '', '', '', '', '', '', '', '', '', '', '', '', '', '', ''),
(480, 'generate_mass_report_card_for_class', '', '', '', '', '', '', '', '', '', '', '', '', '', '', '', '', '', '', '', '', ''),
(481, 'SUBJECTS', '', '', '', '', '', '', '', '', '', '', '', '', '', '', '', '', '', '', '', '', ''),
(482, 'SUBJECTS', '', '', '', '', '', '', '', '', '', '', '', '', '', '', '', '', '', '', '', '', ''),
(483, 'SUBJECTS', '', '', '', '', '', '', '', '', '', '', '', '', '', '', '', '', '', '', '', '', ''),
(484, 'SUBJECTS', '', '', '', '', '', '', '', '', '', '', '', '', '', '', '', '', '', '', '', '', ''),
(485, 'Accountants', '', '', '', '', '', '', '', '', '', '', '', '', '', '', '', '', '', '', '', '', ''),
(486, 'grade_information_page', '', '', '', '', '', '', '', '', '', '', '', '', '', '', '', '', '', '', '', '', ''),
(487, 'Accountants', '', '', '', '', '', '', '', '', '', '', '', '', '', '', '', '', '', '', '', '', ''),
(488, 'SUBJECTS', '', '', '', '', '', '', '', '', '', '', '', '', '', '', '', '', '', '', '', '', ''),
(489, 'SUBJECTS', '', '', '', '', '', '', '', '', '', '', '', '', '', '', '', '', '', '', '', '', ''),
(490, 'SUBJECTS', '', '', '', '', '', '', '', '', '', '', '', '', '', '', '', '', '', '', '', '', ''),
(491, 'SUBJECTS', '', '', '', '', '', '', '', '', '', '', '', '', '', '', '', '', '', '', '', '', ''),
(492, 'SUBJECTS', '', '', '', '', '', '', '', '', '', '', '', '', '', '', '', '', '', '', '', '', ''),
(493, 'SUBJECTS', '', '', '', '', '', '', '', '', '', '', '', '', '', '', '', '', '', '', '', '', ''),
(494, 'Accountants', '', '', '', '', '', '', '', '', '', '', '', '', '', '', '', '', '', '', '', '', ''),
(495, 'academic_syllabus_information', '', '', '', '', '', '', '', '', '', '', '', '', '', '', '', '', '', '', '', '', ''),
(496, 'add_academic_syllabus', '', '', '', '', '', '', '', '', '', '', '', '', '', '', '', '', '', '', '', '', ''),
(497, 'uploader', '', '', '', '', '', '', '', '', '', '', '', '', '', '', '', '', '', '', '', '', ''),
(498, 'date_submitted', '', '', '', '', '', '', '', '', '', '', '', '', '', '', '', '', '', '', '', '', ''),
(499, 'file_name', '', '', '', '', '', '', '', '', '', '', '', '', '', '', '', '', '', '', '', '', ''),
(500, 'download_document', '', '', '', '', '', '', '', '', '', '', '', '', '', '', '', '', '', '', '', '', ''),
(501, 'teacher_information_page', '', '', '', '', '', '', '', '', '', '', '', '', '', '', '', '', '', '', '', '', ''),
(502, 'Accountants', '', '', '', '', '', '', '', '', '', '', '', '', '', '', '', '', '', '', '', '', ''),
(503, 'Accountants', '', '', '', '', '', '', '', '', '', '', '', '', '', '', '', '', '', '', '', '', ''),
(504, 'student_promotion', '', '', '', '', '', '', '', '', '', '', '', '', '', '', '', '', '', '', '', '', ''),
(505, 'ID Card', '', '', '', '', '', '', '', '', '', '', '', '', '', '', '', '', '', '', '', '', ''),
(506, 'Accountant', '', '', '', '', '', '', '', '', '', '', '', '', '', '', '', '', '', '', '', '', ''),
(507, 'all_enquiry', '', '', '', '', '', '', '', '', '', '', '', '', '', '', '', '', '', '', '', '', ''),
(508, 'all_message', '', '', '', '', '', '', '', '', '', '', '', '', '', '', '', '', '', '', '', '', ''),
(509, 'New_Students', '', '', '', '', '', '', '', '', '', '', '', '', '', '', '', '', '', '', '', '', ''),
(510, 'ID CARD', '', '', '', '', '', '', '', '', '', '', '', '', '', '', '', '', '', '', '', '', ''),
(511, 'Submit', '', '', '', '', '', '', '', '', '', '', '', '', '', '', '', '', '', '', '', '', ''),
(512, 'student_id_card', '', '', '', '', '', '', '', '', '', '', '', '', '', '', '', '', '', '', '', '', ''),
(513, 'staff_id_card', '', '', '', '', '', '', '', '', '', '', '', '', '', '', '', '', '', '', '', '', ''),
(514, 'manage_hostel_id_card', '', '', '', '', '', '', '', '', '', '', '', '', '', '', '', '', '', '', '', '', ''),
(515, 'ID_card_information_page', '', '', '', '', '', '', '', '', '', '', '', '', '', '', '', '', '', '', '', '', ''),
(516, 'add_new_hostel_manager', '', '', '', '', '', '', '', '', '', '', '', '', '', '', '', '', '', '', '', '', ''),
(517, 'genereate_ID_cards', '', '', '', '', '', '', '', '', '', '', '', '', '', '', '', '', '', '', '', '', ''),
(518, 'delete_hostel_manager', '', '', '', '', '', '', '', '', '', '', '', '', '', '', '', '', '', '', '', '', ''),
(519, 'student_ID_card', '', '', '', '', '', '', '', '', '', '', '', '', '', '', '', '', '', '', '', '', ''),
(520, 'staff_ID_card', '', '', '', '', '', '', '', '', '', '', '', '', '', '', '', '', '', '', '', '', ''),
(521, 'ID CARD', '', '', '', '', '', '', '', '', '', '', '', '', '', '', '', '', '', '', '', '', ''),
(522, 'student_ID_card', '', '', '', '', '', '', '', '', '', '', '', '', '', '', '', '', '', '', '', '', ''),
(523, 'staff_ID_card', '', '', '', '', '', '', '', '', '', '', '', '', '', '', '', '', '', '', '', '', ''),
(524, 'student_ID_card', '', '', '', '', '', '', '', '', '', '', '', '', '', '', '', '', '', '', '', '', ''),
(525, 'staff_ID_card', '', '', '', '', '', '', '', '', '', '', '', '', '', '', '', '', '', '', '', '', ''),
(526, 'ID CARD', '', '', '', '', '', '', '', '', '', '', '', '', '', '', '', '', '', '', '', '', ''),
(527, 'student_ID_card', '', '', '', '', '', '', '', '', '', '', '', '', '', '', '', '', '', '', '', '', ''),
(528, 'staff_ID_card', '', '', '', '', '', '', '', '', '', '', '', '', '', '', '', '', '', '', '', '', ''),
(529, 'ID CARD', '', '', '', '', '', '', '', '', '', '', '', '', '', '', '', '', '', '', '', '', ''),
(530, 'student_ID_card', '', '', '', '', '', '', '', '', '', '', '', '', '', '', '', '', '', '', '', '', ''),
(531, 'staff_ID_card', '', '', '', '', '', '', '', '', '', '', '', '', '', '', '', '', '', '', '', '', ''),
(532, 'ID CARD', '', '', '', '', '', '', '', '', '', '', '', '', '', '', '', '', '', '', '', '', ''),
(533, 'student_ID_card', '', '', '', '', '', '', '', '', '', '', '', '', '', '', '', '', '', '', '', '', ''),
(534, 'staff_ID_card', '', '', '', '', '', '', '', '', '', '', '', '', '', '', '', '', '', '', '', '', ''),
(535, 'ID CARD', '', '', '', '', '', '', '', '', '', '', '', '', '', '', '', '', '', '', '', '', ''),
(536, 'student_ID_card', '', '', '', '', '', '', '', '', '', '', '', '', '', '', '', '', '', '', '', '', ''),
(537, 'staff_ID_card', '', '', '', '', '', '', '', '', '', '', '', '', '', '', '', '', '', '', '', '', ''),
(538, 'ID CARD', '', '', '', '', '', '', '', '', '', '', '', '', '', '', '', '', '', '', '', '', ''),
(539, 'student_ID_card', '', '', '', '', '', '', '', '', '', '', '', '', '', '', '', '', '', '', '', '', ''),
(540, 'staff_ID_card', '', '', '', '', '', '', '', '', '', '', '', '', '', '', '', '', '', '', '', '', ''),
(541, 'ID CARD', '', '', '', '', '', '', '', '', '', '', '', '', '', '', '', '', '', '', '', '', ''),
(542, 'student_ID_card', '', '', '', '', '', '', '', '', '', '', '', '', '', '', '', '', '', '', '', '', ''),
(543, 'staff_ID_card', '', '', '', '', '', '', '', '', '', '', '', '', '', '', '', '', '', '', '', '', ''),
(544, 'ID CARD', '', '', '', '', '', '', '', '', '', '', '', '', '', '', '', '', '', '', '', '', ''),
(545, 'student_ID_card', '', '', '', '', '', '', '', '', '', '', '', '', '', '', '', '', '', '', '', '', ''),
(546, 'staff_ID_card', '', '', '', '', '', '', '', '', '', '', '', '', '', '', '', '', '', '', '', '', ''),
(547, 'ID CARD', '', '', '', '', '', '', '', '', '', '', '', '', '', '', '', '', '', '', '', '', ''),
(548, 'student_ID_card', '', '', '', '', '', '', '', '', '', '', '', '', '', '', '', '', '', '', '', '', ''),
(549, 'staff_ID_card', '', '', '', '', '', '', '', '', '', '', '', '', '', '', '', '', '', '', '', '', ''),
(550, 'ID CARD', '', '', '', '', '', '', '', '', '', '', '', '', '', '', '', '', '', '', '', '', ''),
(551, 'student_ID_card', '', '', '', '', '', '', '', '', '', '', '', '', '', '', '', '', '', '', '', '', ''),
(552, 'staff_ID_card', '', '', '', '', '', '', '', '', '', '', '', '', '', '', '', '', '', '', '', '', ''),
(553, 'ID CARD', '', '', '', '', '', '', '', '', '', '', '', '', '', '', '', '', '', '', '', '', ''),
(554, 'student_ID_card', '', '', '', '', '', '', '', '', '', '', '', '', '', '', '', '', '', '', '', '', ''),
(555, 'staff_ID_card', '', '', '', '', '', '', '', '', '', '', '', '', '', '', '', '', '', '', '', '', ''),
(556, 'ID CARD', '', '', '', '', '', '', '', '', '', '', '', '', '', '', '', '', '', '', '', '', ''),
(557, 'student_ID_card', '', '', '', '', '', '', '', '', '', '', '', '', '', '', '', '', '', '', '', '', ''),
(558, 'staff_ID_card', '', '', '', '', '', '', '', '', '', '', '', '', '', '', '', '', '', '', '', '', ''),
(559, 'ID CARD', '', '', '', '', '', '', '', '', '', '', '', '', '', '', '', '', '', '', '', '', ''),
(560, 'student_ID_card', '', '', '', '', '', '', '', '', '', '', '', '', '', '', '', '', '', '', '', '', ''),
(561, 'staff_ID_card', '', '', '', '', '', '', '', '', '', '', '', '', '', '', '', '', '', '', '', '', ''),
(562, 'ID CARD', '', '', '', '', '', '', '', '', '', '', '', '', '', '', '', '', '', '', '', '', ''),
(563, 'student_ID_card', '', '', '', '', '', '', '', '', '', '', '', '', '', '', '', '', '', '', '', '', ''),
(564, 'staff_ID_card', '', '', '', '', '', '', '', '', '', '', '', '', '', '', '', '', '', '', '', '', ''),
(565, 'ID CARD', '', '', '', '', '', '', '', '', '', '', '', '', '', '', '', '', '', '', '', '', ''),
(566, 'student_ID_card', '', '', '', '', '', '', '', '', '', '', '', '', '', '', '', '', '', '', '', '', ''),
(567, 'staff_ID_card', '', '', '', '', '', '', '', '', '', '', '', '', '', '', '', '', '', '', '', '', ''),
(568, 'ID CARD', '', '', '', '', '', '', '', '', '', '', '', '', '', '', '', '', '', '', '', '', ''),
(569, 'student_ID_card', '', '', '', '', '', '', '', '', '', '', '', '', '', '', '', '', '', '', '', '', ''),
(570, 'staff_ID_card', '', '', '', '', '', '', '', '', '', '', '', '', '', '', '', '', '', '', '', '', ''),
(571, 'ID CARD', '', '', '', '', '', '', '', '', '', '', '', '', '', '', '', '', '', '', '', '', ''),
(572, 'student_ID_card', '', '', '', '', '', '', '', '', '', '', '', '', '', '', '', '', '', '', '', '', ''),
(573, 'staff_ID_card', '', '', '', '', '', '', '', '', '', '', '', '', '', '', '', '', '', '', '', '', ''),
(574, 'student_ID_card', '', '', '', '', '', '', '', '', '', '', '', '', '', '', '', '', '', '', '', '', ''),
(575, 'staff_ID_card', '', '', '', '', '', '', '', '', '', '', '', '', '', '', '', '', '', '', '', '', ''),
(576, 'ID CARD', '', '', '', '', '', '', '', '', '', '', '', '', '', '', '', '', '', '', '', '', ''),
(577, 'student_ID_card', '', '', '', '', '', '', '', '', '', '', '', '', '', '', '', '', '', '', '', '', ''),
(578, 'staff_ID_card', '', '', '', '', '', '', '', '', '', '', '', '', '', '', '', '', '', '', '', '', ''),
(579, 'photo_added_successfully', '', '', '', '', '', '', '', '', '', '', '', '', '', '', '', '', '', '', '', '', ''),
(580, 'ID CARD', '', '', '', '', '', '', '', '', '', '', '', '', '', '', '', '', '', '', '', '', ''),
(581, 'student_ID_card', '', '', '', '', '', '', '', '', '', '', '', '', '', '', '', '', '', '', '', '', ''),
(582, 'staff_ID_card', '', '', '', '', '', '', '', '', '', '', '', '', '', '', '', '', '', '', '', '', ''),
(583, 'ID CARD', '', '', '', '', '', '', '', '', '', '', '', '', '', '', '', '', '', '', '', '', ''),
(584, 'student_ID_card', '', '', '', '', '', '', '', '', '', '', '', '', '', '', '', '', '', '', '', '', ''),
(585, 'staff_ID_card', '', '', '', '', '', '', '', '', '', '', '', '', '', '', '', '', '', '', '', '', ''),
(586, 'ID CARD', '', '', '', '', '', '', '', '', '', '', '', '', '', '', '', '', '', '', '', '', ''),
(587, 'student_ID_card', '', '', '', '', '', '', '', '', '', '', '', '', '', '', '', '', '', '', '', '', ''),
(588, 'staff_ID_card', '', '', '', '', '', '', '', '', '', '', '', '', '', '', '', '', '', '', '', '', ''),
(589, 'ID CARD', '', '', '', '', '', '', '', '', '', '', '', '', '', '', '', '', '', '', '', '', ''),
(590, 'student_ID_card', '', '', '', '', '', '', '', '', '', '', '', '', '', '', '', '', '', '', '', '', ''),
(591, 'staff_ID_card', '', '', '', '', '', '', '', '', '', '', '', '', '', '', '', '', '', '', '', '', ''),
(592, 'ID CARD', '', '', '', '', '', '', '', '', '', '', '', '', '', '', '', '', '', '', '', '', ''),
(593, 'student_ID_card', '', '', '', '', '', '', '', '', '', '', '', '', '', '', '', '', '', '', '', '', ''),
(594, 'staff_ID_card', '', '', '', '', '', '', '', '', '', '', '', '', '', '', '', '', '', '', '', '', ''),
(595, 'ID CARD', '', '', '', '', '', '', '', '', '', '', '', '', '', '', '', '', '', '', '', '', ''),
(596, 'student_ID_card', '', '', '', '', '', '', '', '', '', '', '', '', '', '', '', '', '', '', '', '', ''),
(597, 'staff_ID_card', '', '', '', '', '', '', '', '', '', '', '', '', '', '', '', '', '', '', '', '', ''),
(598, 'ID CARD', '', '', '', '', '', '', '', '', '', '', '', '', '', '', '', '', '', '', '', '', ''),
(599, 'student_ID_card', '', '', '', '', '', '', '', '', '', '', '', '', '', '', '', '', '', '', '', '', ''),
(600, 'staff_ID_card', '', '', '', '', '', '', '', '', '', '', '', '', '', '', '', '', '', '', '', '', ''),
(601, 'student_ID_card', '', '', '', '', '', '', '', '', '', '', '', '', '', '', '', '', '', '', '', '', ''),
(602, 'staff_ID_card', '', '', '', '', '', '', '', '', '', '', '', '', '', '', '', '', '', '', '', '', ''),
(603, 'student_ID_card', '', '', '', '', '', '', '', '', '', '', '', '', '', '', '', '', '', '', '', '', ''),
(604, 'staff_ID_card', '', '', '', '', '', '', '', '', '', '', '', '', '', '', '', '', '', '', '', '', ''),
(605, 'student_ID_card', '', '', '', '', '', '', '', '', '', '', '', '', '', '', '', '', '', '', '', '', ''),
(606, 'ID CARD', '', '', '', '', '', '', '', '', '', '', '', '', '', '', '', '', '', '', '', '', ''),
(607, 'student_ID_card', '', '', '', '', '', '', '', '', '', '', '', '', '', '', '', '', '', '', '', '', ''),
(608, 'ID CARD', '', '', '', '', '', '', '', '', '', '', '', '', '', '', '', '', '', '', '', '', ''),
(609, 'student_ID_card', '', '', '', '', '', '', '', '', '', '', '', '', '', '', '', '', '', '', '', '', ''),
(610, 'ID CARD', '', '', '', '', '', '', '', '', '', '', '', '', '', '', '', '', '', '', '', '', ''),
(611, 'student_ID_card', '', '', '', '', '', '', '', '', '', '', '', '', '', '', '', '', '', '', '', '', ''),
(612, 'ID CARD', '', '', '', '', '', '', '', '', '', '', '', '', '', '', '', '', '', '', '', '', ''),
(613, 'student_ID_card', '', '', '', '', '', '', '', '', '', '', '', '', '', '', '', '', '', '', '', '', ''),
(614, 'ID CARD', '', '', '', '', '', '', '', '', '', '', '', '', '', '', '', '', '', '', '', '', ''),
(615, 'student_ID_card', '', '', '', '', '', '', '', '', '', '', '', '', '', '', '', '', '', '', '', '', ''),
(616, 'ID CARD', '', '', '', '', '', '', '', '', '', '', '', '', '', '', '', '', '', '', '', '', ''),
(617, 'student_ID_card', '', '', '', '', '', '', '', '', '', '', '', '', '', '', '', '', '', '', '', '', ''),
(618, 'ID CARD', '', '', '', '', '', '', '', '', '', '', '', '', '', '', '', '', '', '', '', '', ''),
(619, 'student_ID_card', '', '', '', '', '', '', '', '', '', '', '', '', '', '', '', '', '', '', '', '', ''),
(620, 'ID CARD', '', '', '', '', '', '', '', '', '', '', '', '', '', '', '', '', '', '', '', '', ''),
(621, 'student_ID_card', '', '', '', '', '', '', '', '', '', '', '', '', '', '', '', '', '', '', '', '', ''),
(622, 'ID CARD', '', '', '', '', '', '', '', '', '', '', '', '', '', '', '', '', '', '', '', '', ''),
(623, 'student_ID_card', '', '', '', '', '', '', '', '', '', '', '', '', '', '', '', '', '', '', '', '', ''),
(624, 'ID CARD', '', '', '', '', '', '', '', '', '', '', '', '', '', '', '', '', '', '', '', '', ''),
(625, 'student_ID_card', '', '', '', '', '', '', '', '', '', '', '', '', '', '', '', '', '', '', '', '', ''),
(626, 'ID CARD', '', '', '', '', '', '', '', '', '', '', '', '', '', '', '', '', '', '', '', '', ''),
(627, 'student_ID_card', '', '', '', '', '', '', '', '', '', '', '', '', '', '', '', '', '', '', '', '', ''),
(628, 'student_ID_card', '', '', '', '', '', '', '', '', '', '', '', '', '', '', '', '', '', '', '', '', ''),
(629, 'ID CARD', '', '', '', '', '', '', '', '', '', '', '', '', '', '', '', '', '', '', '', '', ''),
(630, 'student_ID_card', '', '', '', '', '', '', '', '', '', '', '', '', '', '', '', '', '', '', '', '', ''),
(631, 'manage_hostel', '', '', '', '', '', '', '', '', '', '', '', '', '', '', '', '', '', '', '', '', ''),
(632, 'student_ID_card', '', '', '', '', '', '', '', '', '', '', '', '', '', '', '', '', '', '', '', '', ''),
(633, 'hestel_information_page', '', '', '', '', '', '', '', '', '', '', '', '', '', '', '', '', '', '', '', '', ''),
(634, 'add_new_hostel', '', '', '', '', '', '', '', '', '', '', '', '', '', '', '', '', '', '', '', '', ''),
(635, 'student_ID_card', '', '', '', '', '', '', '', '', '', '', '', '', '', '', '', '', '', '', '', '', ''),
(636, 'student_ID_card', '', '', '', '', '', '', '', '', '', '', '', '', '', '', '', '', '', '', '', '', ''),
(637, 'student_ID_card', '', '', '', '', '', '', '', '', '', '', '', '', '', '', '', '', '', '', '', '', ''),
(638, 'student_ID_card', '', '', '', '', '', '', '', '', '', '', '', '', '', '', '', '', '', '', '', '', ''),
(639, 'save_student', '', '', '', '', '', '', '', '', '', '', '', '', '', '', '', '', '', '', '', '', ''),
(640, 'student_ID_card', '', '', '', '', '', '', '', '', '', '', '', '', '', '', '', '', '', '', '', '', ''),
(641, 'student_ID_card', '', '', '', '', '', '', '', '', '', '', '', '', '', '', '', '', '', '', '', '', ''),
(642, 'student_promotion_page', '', '', '', '', '', '', '', '', '', '', '', '', '', '', '', '', '', '', '', '', ''),
(643, 'student_ID_card', '', '', '', '', '', '', '', '', '', '', '', '', '', '', '', '', '', '', '', '', ''),
(644, 'student_ID_card', '', '', '', '', '', '', '', '', '', '', '', '', '', '', '', '', '', '', '', '', ''),
(645, 'SUBJECTS', '', '', '', '', '', '', '', '', '', '', '', '', '', '', '', '', '', '', '', '', ''),
(646, 'SUBJECTS', '', '', '', '', '', '', '', '', '', '', '', '', '', '', '', '', '', '', '', '', ''),
(647, 'student_ID_card', '', '', '', '', '', '', '', '', '', '', '', '', '', '', '', '', '', '', '', '', ''),
(648, 'student_ID_card', '', '', '', '', '', '', '', '', '', '', '', '', '', '', '', '', '', '', '', '', ''),
(649, 'SUBJECTS', '', '', '', '', '', '', '', '', '', '', '', '', '', '', '', '', '', '', '', '', ''),
(650, 'SUBJECTS', '', '', '', '', '', '', '', '', '', '', '', '', '', '', '', '', '', '', '', '', ''),
(651, 'SUBJECTS', '', '', '', '', '', '', '', '', '', '', '', '', '', '', '', '', '', '', '', '', ''),
(652, 'SUBJECTS', '', '', '', '', '', '', '', '', '', '', '', '', '', '', '', '', '', '', '', '', ''),
(653, 'SUBJECTS', '', '', '', '', '', '', '', '', '', '', '', '', '', '', '', '', '', '', '', '', ''),
(654, 'student_ID_card', '', '', '', '', '', '', '', '', '', '', '', '', '', '', '', '', '', '', '', '', ''),
(655, 'student_ID_card', '', '', '', '', '', '', '', '', '', '', '', '', '', '', '', '', '', '', '', '', ''),
(656, 'student_ID_card', '', '', '', '', '', '', '', '', '', '', '', '', '', '', '', '', '', '', '', '', ''),
(657, 'student_ID_card', '', '', '', '', '', '', '', '', '', '', '', '', '', '', '', '', '', '', '', '', ''),
(658, 'student_ID_card', '', '', '', '', '', '', '', '', '', '', '', '', '', '', '', '', '', '', '', '', ''),
(659, 'student_ID_card', '', '', '', '', '', '', '', '', '', '', '', '', '', '', '', '', '', '', '', '', ''),
(660, 'student_ID_card', '', '', '', '', '', '', '', '', '', '', '', '', '', '', '', '', '', '', '', '', ''),
(661, 'student_ID_card', '', '', '', '', '', '', '', '', '', '', '', '', '', '', '', '', '', '', '', '', ''),
(662, 'student_ID_card', '', '', '', '', '', '', '', '', '', '', '', '', '', '', '', '', '', '', '', '', ''),
(663, 'SUBJECTS', '', '', '', '', '', '', '', '', '', '', '', '', '', '', '', '', '', '', '', '', ''),
(664, 'SUBJECTS', '', '', '', '', '', '', '', '', '', '', '', '', '', '', '', '', '', '', '', '', ''),
(665, 'SUBJECTS', '', '', '', '', '', '', '', '', '', '', '', '', '', '', '', '', '', '', '', '', ''),
(666, 'SUBJECTS', '', '', '', '', '', '', '', '', '', '', '', '', '', '', '', '', '', '', '', '', ''),
(667, 'student_ID_card', '', '', '', '', '', '', '', '', '', '', '', '', '', '', '', '', '', '', '', '', ''),
(668, 'student_ID_card', '', '', '', '', '', '', '', '', '', '', '', '', '', '', '', '', '', '', '', '', ''),
(669, 'student_ID_card', '', '', '', '', '', '', '', '', '', '', '', '', '', '', '', '', '', '', '', '', '');

-- --------------------------------------------------------

--
-- Table structure for table `librarian`
--

CREATE TABLE IF NOT EXISTS `librarian` (
  `librarian_id` int(11) NOT NULL AUTO_INCREMENT,
  `name` longtext CHARACTER SET utf8 COLLATE utf8_unicode_ci NOT NULL,
  `birthday` longtext CHARACTER SET utf8 COLLATE utf8_unicode_ci NOT NULL,
  `sex` longtext CHARACTER SET utf8 COLLATE utf8_unicode_ci NOT NULL,
  `religion` longtext CHARACTER SET utf8 COLLATE utf8_unicode_ci NOT NULL,
  `blood_group` longtext CHARACTER SET utf8 COLLATE utf8_unicode_ci NOT NULL,
  `address` longtext CHARACTER SET utf8 COLLATE utf8_unicode_ci NOT NULL,
  `phone` longtext CHARACTER SET utf8 COLLATE utf8_unicode_ci NOT NULL,
  `email` longtext CHARACTER SET utf8 COLLATE utf8_unicode_ci NOT NULL,
  `password` longtext CHARACTER SET utf32 COLLATE utf32_unicode_ci NOT NULL,
  `authentication_key` longtext CHARACTER SET utf8 COLLATE utf8_unicode_ci NOT NULL,
  PRIMARY KEY (`librarian_id`)
) ENGINE=InnoDB  DEFAULT CHARSET=latin1 AUTO_INCREMENT=5 ;

--
-- Dumping data for table `librarian`
--

INSERT INTO `librarian` (`librarian_id`, `name`, `birthday`, `sex`, `religion`, `blood_group`, `address`, `phone`, `email`, `password`, `authentication_key`) VALUES
(2, 'LIBRARIAN', '07/09/2018', 'male', '', '', 'federal college of education', '08033527716', 'librarian@librarian.com', 'librarian', ''),
(4, 'AKINADE AYODEJI AYOTUNDE', '06/09/2014', 'male', '', '', 'federal college of education', '08033527716', 'segun@gmail.com', 'segun', '');

-- --------------------------------------------------------

--
-- Table structure for table `loan`
--

CREATE TABLE IF NOT EXISTS `loan` (
  `loan_id` int(11) NOT NULL AUTO_INCREMENT,
  `staff_name` longtext CHARACTER SET utf8 COLLATE utf8_unicode_ci NOT NULL,
  `amount` longtext CHARACTER SET utf8 COLLATE utf8_unicode_ci NOT NULL,
  `purpose` longtext CHARACTER SET utf8 COLLATE utf8_unicode_ci NOT NULL,
  `l_duration` longtext CHARACTER SET utf8 COLLATE utf8_unicode_ci NOT NULL,
  `mop` longtext CHARACTER SET utf8 COLLATE utf8_unicode_ci NOT NULL,
  `g_name` longtext CHARACTER SET utf8 COLLATE utf8_unicode_ci NOT NULL,
  `g_relationship` longtext CHARACTER SET utf8 COLLATE utf8_unicode_ci NOT NULL,
  `g_number` longtext CHARACTER SET utf8 COLLATE utf8_unicode_ci NOT NULL,
  `g_address` longtext CHARACTER SET utf8 COLLATE utf8_unicode_ci NOT NULL,
  `g_country` longtext CHARACTER SET utf8 COLLATE utf8_unicode_ci NOT NULL,
  `c_name` longtext CHARACTER SET utf8 COLLATE utf8_unicode_ci NOT NULL,
  `c_type` longtext CHARACTER SET utf8 COLLATE utf8_unicode_ci NOT NULL,
  `model` longtext CHARACTER SET utf8 COLLATE utf8_unicode_ci NOT NULL,
  `make` longtext CHARACTER SET utf8 COLLATE utf8_unicode_ci NOT NULL,
  `serial_number` longtext CHARACTER SET utf8 COLLATE utf8_unicode_ci NOT NULL,
  `value` longtext CHARACTER SET utf8 COLLATE utf8_unicode_ci NOT NULL,
  `condition` longtext CHARACTER SET utf8 COLLATE utf8_unicode_ci NOT NULL,
  `date` longtext CHARACTER SET utf8 COLLATE utf8_unicode_ci NOT NULL,
  `status` longtext CHARACTER SET utf8 COLLATE utf8_unicode_ci NOT NULL,
  `file_name` longtext CHARACTER SET utf8 COLLATE utf8_unicode_ci NOT NULL,
  PRIMARY KEY (`loan_id`)
) ENGINE=InnoDB  DEFAULT CHARSET=latin1 AUTO_INCREMENT=9 ;

--
-- Dumping data for table `loan`
--

INSERT INTO `loan` (`loan_id`, `staff_name`, `amount`, `purpose`, `l_duration`, `mop`, `g_name`, `g_relationship`, `g_number`, `g_address`, `g_country`, `c_name`, `c_type`, `model`, `make`, `serial_number`, `value`, `condition`, `date`, `status`, `file_name`) VALUES
(3, 'teacher 2', '1000', 'I WANT TO USE TO PAY FOR MY SCHOOL CHILDREN SCHOOL FEES', 'Daily', 'MODE OF PAYMENT HERE', 'MR OPTIMUMLINKUP', 'FAMILY', 'NUMBER', 'G ADDRESS', 'G COUNTRY', 'COLLATERAL NAME', 'C TYPE', 'C MODEL', 'C MAKE', 'C SERIAL NYMEBNER', '6', 'Daily', 'Fri, 07 July 2017', 'Pending', ''),
(5, 'teacher', '1000000', 'FOR WEDDING CEREMONY', 'Eight Months', 'Yearly', 'OMOLOLU', 'FAMILY', '081789644', 'G ADDRESS', 'COUNTRY', 'c name', 'c type', 'C MOD', 'C MAKE', 'C SERIAL NYMEBNER', '700000', 'Monthly', 'Wed, 12 July 2017', 'Pending', ''),
(6, 'LIBRARIAN', '5000', 'jghhgh', 'One Month', 'Daily', 'hkuhkjh', 'hjkhj', 'hkjh', 'kjhkjhj', 'hjkhjkhjh', 'khhhj', 'hkhhj', 'hj', 'ghi890-9ookk', 'hhjhj', '35676543', 'Daily', 'Thu, 20 July 2017', 'Approved', ''),
(7, 'Mr. Segun', '50000', 'jkkj`', 'One Month', 'Daily', 'jghjgh', 'jh', 'jh', 'jhj', 'hkjh', 'jk', 'hjk', 'hjk', 'hkj', 'hjk', '6789', 'Daily', 'Mon, 17 July 2017', 'Pending', ''),
(8, 'hostel', '4000', 'purpoae', 'One Month', 'Daily', 'khkj', 'hjk', 'jkhjh', 'hjkh', 'hjkh', 'kjhj', 'hjk', 'kj', 'ljhkl', 'hjk', '67890', 'Daily', 'Tue, 18 July 2017', 'Pending', '');

-- --------------------------------------------------------

--
-- Table structure for table `mark`
--

CREATE TABLE IF NOT EXISTS `mark` (
  `mark_id` int(11) NOT NULL AUTO_INCREMENT,
  `student_id` int(11) NOT NULL,
  `subject_id` int(11) NOT NULL,
  `class_id` int(11) NOT NULL,
  `exam_id` int(11) NOT NULL,
  `mark_obtained` int(11) NOT NULL DEFAULT '0',
  `mark_total` int(11) NOT NULL DEFAULT '100',
  `comment` longtext COLLATE utf8_unicode_ci NOT NULL,
  `class_score` int(11) NOT NULL DEFAULT '0',
  PRIMARY KEY (`mark_id`)
) ENGINE=InnoDB  DEFAULT CHARSET=utf8 COLLATE=utf8_unicode_ci AUTO_INCREMENT=44 ;

--
-- Dumping data for table `mark`
--

INSERT INTO `mark` (`mark_id`, `student_id`, `subject_id`, `class_id`, `exam_id`, `mark_obtained`, `mark_total`, `comment`, `class_score`) VALUES
(1, 8, 6, 3, 1, 45, 100, '', 29),
(2, 9, 6, 3, 1, 70, 100, '', 19),
(3, 10, 6, 3, 1, 0, 100, '', 9),
(4, 12, 6, 3, 1, 0, 100, '', 8),
(5, 14, 6, 3, 1, 70, 100, '', 10),
(6, 5, 1, 2, 1, 47, 100, 'good', 20),
(7, 11, 1, 2, 1, 70, 100, '', 25),
(8, 13, 1, 2, 1, 70, 100, '', 4),
(9, 5, 2, 2, 2, 45, 100, '', 12),
(10, 11, 2, 2, 2, 10, 100, '', 24),
(11, 13, 2, 2, 2, 20, 100, '', 5),
(12, 15, 2, 2, 2, 8, 100, '', 5),
(14, 5, 1, 2, 2, 12, 100, '', 21),
(15, 11, 1, 2, 2, 45, 100, '', 23),
(16, 13, 1, 2, 2, 36, 100, '', 5),
(17, 15, 1, 2, 2, 70, 100, '', 5),
(18, 5, 4, 2, 2, 69, 100, '', 7),
(19, 11, 4, 2, 2, 68, 100, '', 7),
(20, 13, 4, 2, 2, 45, 100, '', 7),
(21, 15, 4, 2, 2, 45, 100, '', 9),
(22, 8, 5, 3, 1, 63, 100, '', 10),
(23, 8, 5, 3, 2, 45, 100, '', 23),
(24, 8, 6, 3, 2, 65, 100, '', 7),
(25, 5, 2, 2, 1, 60, 100, 'keep it up', 15),
(26, 5, 4, 2, 1, 70, 100, 'good', 22),
(27, 2, 1, 2, 1, 78, 100, '', 12),
(28, 2, 2, 2, 1, 23, 100, '', 23),
(29, 2, 4, 2, 1, 12, 100, '', 7),
(30, 11, 2, 2, 1, 12, 100, '', 30),
(31, 11, 4, 2, 1, 65, 100, '', 30),
(32, 13, 2, 2, 1, 45, 100, '', 5),
(33, 13, 4, 2, 1, 45, 100, '', 17),
(34, 14, 5, 3, 1, 70, 100, '', 30),
(35, 8, 4, 2, 1, 78, 100, '', 18),
(36, 15, 1, 2, 1, 56, 100, '', 12),
(37, 15, 2, 2, 1, 56, 100, '', 12),
(38, 15, 4, 2, 1, 45, 100, '', 23),
(39, 9, 5, 3, 2, 56, 100, '', 25),
(40, 9, 6, 3, 2, 45, 100, '', 28),
(41, 9, 5, 3, 1, 45, 100, '', 30),
(42, 14, 5, 3, 2, 45, 100, '', 12),
(43, 14, 6, 3, 2, 54, 100, '', 14);

-- --------------------------------------------------------

--
-- Table structure for table `media`
--

CREATE TABLE IF NOT EXISTS `media` (
  `media_id` int(11) NOT NULL AUTO_INCREMENT,
  `title` longtext CHARACTER SET utf8 COLLATE utf8_unicode_ci NOT NULL,
  `description` longtext CHARACTER SET utf8 COLLATE utf8_unicode_ci NOT NULL,
  `file_name` longtext CHARACTER SET utf8 COLLATE utf8_unicode_ci NOT NULL,
  `file_type` longtext CHARACTER SET utf8 COLLATE utf8_unicode_ci NOT NULL,
  `mlink` longtext NOT NULL,
  `class_id` longtext CHARACTER SET utf8 COLLATE utf8_unicode_ci NOT NULL,
  `teacher_id` longtext CHARACTER SET utf8 COLLATE utf8_unicode_ci NOT NULL,
  `timestamp` longtext CHARACTER SET utf8 COLLATE utf8_unicode_ci NOT NULL,
  PRIMARY KEY (`media_id`)
) ENGINE=InnoDB  DEFAULT CHARSET=latin1 AUTO_INCREMENT=2 ;

--
-- Dumping data for table `media`
--

INSERT INTO `media` (`media_id`, `title`, `description`, `file_name`, `file_type`, `mlink`, `class_id`, `teacher_id`, `timestamp`) VALUES
(1, 'INTRODUCTION TO JAVA', 'THIS IS THE JAVA BEGINNING TUTORIAL, PLEASE WATCH AND LEARN MORE ABOUT JAVA.', 'module.zip', 'other', '<iframe width="560" height="315" src="https://www.youtube.com/embed/ZK3O402wf1c" frameborder="0" allowfullscreen></iframe>', '4', '', 'Sat, 15 July 2017');

-- --------------------------------------------------------

--
-- Table structure for table `message`
--

CREATE TABLE IF NOT EXISTS `message` (
  `message_id` int(11) NOT NULL AUTO_INCREMENT,
  `message_thread_code` longtext NOT NULL,
  `message` longtext NOT NULL,
  `sender` longtext NOT NULL,
  `timestamp` longtext NOT NULL,
  `read_status` int(11) NOT NULL DEFAULT '0' COMMENT '0 unread 1 read',
  PRIMARY KEY (`message_id`)
) ENGINE=MyISAM DEFAULT CHARSET=latin1 AUTO_INCREMENT=1 ;

-- --------------------------------------------------------

--
-- Table structure for table `message_thread`
--

CREATE TABLE IF NOT EXISTS `message_thread` (
  `message_thread_id` int(11) NOT NULL AUTO_INCREMENT,
  `message_thread_code` longtext COLLATE utf8_unicode_ci NOT NULL,
  `sender` longtext COLLATE utf8_unicode_ci NOT NULL,
  `reciever` longtext COLLATE utf8_unicode_ci NOT NULL,
  `last_message_timestamp` longtext COLLATE utf8_unicode_ci NOT NULL,
  PRIMARY KEY (`message_thread_id`)
) ENGINE=InnoDB DEFAULT CHARSET=utf8 COLLATE=utf8_unicode_ci AUTO_INCREMENT=1 ;

-- --------------------------------------------------------

--
-- Table structure for table `news`
--

CREATE TABLE IF NOT EXISTS `news` (
  `news_id` int(11) NOT NULL AUTO_INCREMENT,
  `news_title` longtext CHARACTER SET utf8 COLLATE utf8_unicode_ci NOT NULL,
  `date` longtext CHARACTER SET utf8 COLLATE utf8_unicode_ci NOT NULL,
  `news_content` longtext CHARACTER SET utf8 COLLATE utf8_unicode_ci NOT NULL,
  PRIMARY KEY (`news_id`)
) ENGINE=InnoDB  DEFAULT CHARSET=latin1 AUTO_INCREMENT=4 ;

--
-- Dumping data for table `news`
--

INSERT INTO `news` (`news_id`, `news_title`, `date`, `news_content`) VALUES
(3, 'INFORMATION ABOUT OMOLOU ESTHER IS CORRECT THAT SHE LOVES SEGUN', '23:12:12 PM', 'MARO RARA SHE IS JUST PRETENDING OOOOO');

-- --------------------------------------------------------

--
-- Table structure for table `noticeboard`
--

CREATE TABLE IF NOT EXISTS `noticeboard` (
  `notice_id` int(11) NOT NULL AUTO_INCREMENT,
  `notice_title` longtext COLLATE utf8_unicode_ci NOT NULL,
  `notice` longtext COLLATE utf8_unicode_ci NOT NULL,
  `create_timestamp` int(11) NOT NULL,
  PRIMARY KEY (`notice_id`)
) ENGINE=MyISAM  DEFAULT CHARSET=utf8 COLLATE=utf8_unicode_ci AUTO_INCREMENT=3 ;

--
-- Dumping data for table `noticeboard`
--

INSERT INTO `noticeboard` (`notice_id`, `notice_title`, `notice`, `create_timestamp`) VALUES
(1, 'hi', 'today', 1495065600),
(2, 'Holiday', 'We are going on holidays soon', 1498867200);

-- --------------------------------------------------------

--
-- Table structure for table `parent`
--

CREATE TABLE IF NOT EXISTS `parent` (
  `parent_id` int(11) NOT NULL AUTO_INCREMENT,
  `name` longtext COLLATE utf8_unicode_ci NOT NULL,
  `email` longtext COLLATE utf8_unicode_ci NOT NULL,
  `password` longtext COLLATE utf8_unicode_ci NOT NULL,
  `phone` longtext COLLATE utf8_unicode_ci NOT NULL,
  `address` longtext COLLATE utf8_unicode_ci NOT NULL,
  `profession` longtext COLLATE utf8_unicode_ci NOT NULL,
  `authentication_key` longtext COLLATE utf8_unicode_ci NOT NULL,
  PRIMARY KEY (`parent_id`)
) ENGINE=MyISAM  DEFAULT CHARSET=utf8 COLLATE=utf8_unicode_ci AUTO_INCREMENT=2 ;

--
-- Dumping data for table `parent`
--

INSERT INTO `parent` (`parent_id`, `name`, `email`, `password`, `phone`, `address`, `profession`, `authentication_key`) VALUES
(1, 'parent', 'parent@parent.com', 'parent', '08033527716', 'federal college of education', 'Lecturer', '');

-- --------------------------------------------------------

--
-- Table structure for table `payment`
--

CREATE TABLE IF NOT EXISTS `payment` (
  `payment_id` int(11) NOT NULL AUTO_INCREMENT,
  `expense_category_id` int(11) NOT NULL,
  `title` longtext COLLATE utf8_unicode_ci NOT NULL,
  `payment_type` longtext COLLATE utf8_unicode_ci NOT NULL,
  `invoice_id` int(11) NOT NULL,
  `student_id` int(11) NOT NULL,
  `method` longtext COLLATE utf8_unicode_ci NOT NULL,
  `description` longtext COLLATE utf8_unicode_ci NOT NULL,
  `amount` longtext COLLATE utf8_unicode_ci NOT NULL,
  `timestamp` longtext COLLATE utf8_unicode_ci NOT NULL,
  PRIMARY KEY (`payment_id`)
) ENGINE=MyISAM  DEFAULT CHARSET=utf8 COLLATE=utf8_unicode_ci AUTO_INCREMENT=4 ;

--
-- Dumping data for table `payment`
--

INSERT INTO `payment` (`payment_id`, `expense_category_id`, `title`, `payment_type`, `invoice_id`, `student_id`, `method`, `description`, `amount`, `timestamp`) VALUES
(1, 0, 'PAYMENT FOR SCHOOL FEES', 'income', 1, 5, '2', 'PAYMENT FOR SCHOOL FEES', '500000', '1499472000'),
(2, 5, 'PURCHASE OF SCHOOL CHALK', 'expense', 0, 0, '1', 'WE ARE HAVE JUST PURCHASE SCHOO CHALK NOW', '4000', '1499458620');

-- --------------------------------------------------------

--
-- Table structure for table `question`
--

CREATE TABLE IF NOT EXISTS `question` (
  `question_id` int(11) NOT NULL AUTO_INCREMENT,
  `class_id` int(11) DEFAULT NULL,
  `subject_id` int(11) DEFAULT NULL,
  `date` date DEFAULT NULL,
  `session` varchar(255) DEFAULT NULL,
  `question_count` int(11) DEFAULT NULL,
  `duration` int(5) DEFAULT NULL,
  `question` text,
  `correct_answers` varchar(255) DEFAULT NULL,
  PRIMARY KEY (`question_id`)
) ENGINE=MyISAM  DEFAULT CHARSET=utf8 AUTO_INCREMENT=36 ;

-- --------------------------------------------------------

--
-- Table structure for table `section`
--

CREATE TABLE IF NOT EXISTS `section` (
  `section_id` int(11) NOT NULL AUTO_INCREMENT,
  `name` longtext COLLATE utf8_unicode_ci NOT NULL,
  `nick_name` longtext COLLATE utf8_unicode_ci NOT NULL,
  `class_id` int(11) NOT NULL,
  `teacher_id` int(11) NOT NULL,
  PRIMARY KEY (`section_id`)
) ENGINE=InnoDB  DEFAULT CHARSET=utf8 COLLATE=utf8_unicode_ci AUTO_INCREMENT=7 ;

--
-- Dumping data for table `section`
--

INSERT INTO `section` (`section_id`, `name`, `nick_name`, `class_id`, `teacher_id`) VALUES
(1, 'FIRST', 'TERM', 1, 2),
(2, 'FIRST TERM', 'FIRST TERM', 2, 2),
(3, 'FIRST TERM', 'FIRST TERM', 3, 4),
(4, 'SECOND TERM', '2ND TERM', 3, 2),
(5, '2015-2016', 'Current Session', 4, 2),
(6, 'SECON TERM', 'SECON TERM', 2, 2);

-- --------------------------------------------------------

--
-- Table structure for table `session`
--

CREATE TABLE IF NOT EXISTS `session` (
  `session_id` int(11) NOT NULL AUTO_INCREMENT,
  `name` longtext CHARACTER SET utf8 COLLATE utf8_unicode_ci NOT NULL,
  PRIMARY KEY (`session_id`)
) ENGINE=InnoDB  DEFAULT CHARSET=latin1 AUTO_INCREMENT=17 ;

--
-- Dumping data for table `session`
--

INSERT INTO `session` (`session_id`, `name`) VALUES
(3, '2016-2017'),
(4, '2017-2018'),
(5, '2018-2019'),
(6, '2019-2020'),
(7, '2020-2021'),
(8, '2021-2022'),
(9, '2022-2023'),
(10, '2023-2024'),
(11, '2024-2025'),
(12, '2025-2026'),
(13, '2026-2027'),
(14, '2027-2028'),
(15, '2028-2029'),
(16, '2029-2030');

-- --------------------------------------------------------

--
-- Table structure for table `settings`
--

CREATE TABLE IF NOT EXISTS `settings` (
  `settings_id` int(11) NOT NULL AUTO_INCREMENT,
  `type` longtext CHARACTER SET utf8 COLLATE utf8_unicode_ci NOT NULL,
  `description` longtext CHARACTER SET utf8 COLLATE utf8_unicode_ci NOT NULL,
  PRIMARY KEY (`settings_id`)
) ENGINE=MyISAM  DEFAULT CHARSET=latin1 AUTO_INCREMENT=23 ;

--
-- Dumping data for table `settings`
--

INSERT INTO `settings` (`settings_id`, `type`, `description`) VALUES
(1, 'system_name', 'OPTIMUM LINKUP SCHOOL SYSTEMS'),
(2, 'system_title', 'OPTIMUM SCHOOL SYSTEM'),
(3, 'address', '546, SILICON VALLEY TORONTO, CANADA'),
(4, 'phone', '+1564783934'),
(5, 'paypal_email', 'optimumproblemsolver@gmail.com'),
(6, 'currency', '$'),
(7, 'system_email', 'optimumproblemsolver@gmail.com'),
(20, 'active_sms_service', 'twilio'),
(11, 'language', 'english'),
(12, 'text_align', 'left-to-right'),
(13, 'clickatell_user', ''),
(14, 'clickatell_password', ''),
(15, 'clickatell_api_id', ''),
(16, 'skin_colour', 'default'),
(17, 'twilio_account_sid', ''),
(18, 'twilio_auth_token', ''),
(19, 'twilio_sender_phone_number', ''),
(21, 'session', '2016-2017'),
(22, 'footer', 'Developed by Optimum Linkup Computers. All Right Reserved (2017)');

-- --------------------------------------------------------

--
-- Table structure for table `student`
--

CREATE TABLE IF NOT EXISTS `student` (
  `student_id` int(11) NOT NULL AUTO_INCREMENT,
  `name` longtext COLLATE utf8_unicode_ci NOT NULL,
  `birthday` longtext COLLATE utf8_unicode_ci NOT NULL,
  `sex` longtext COLLATE utf8_unicode_ci NOT NULL,
  `religion` longtext COLLATE utf8_unicode_ci NOT NULL,
  `blood_group` longtext COLLATE utf8_unicode_ci NOT NULL,
  `address` longtext COLLATE utf8_unicode_ci NOT NULL,
  `phone` longtext COLLATE utf8_unicode_ci NOT NULL,
  `email` longtext COLLATE utf8_unicode_ci NOT NULL,
  `password` longtext COLLATE utf8_unicode_ci NOT NULL,
  `father_name` longtext COLLATE utf8_unicode_ci NOT NULL,
  `mother_name` longtext COLLATE utf8_unicode_ci NOT NULL,
  `class_id` longtext COLLATE utf8_unicode_ci NOT NULL,
  `section_id` int(11) NOT NULL,
  `parent_id` int(11) NOT NULL,
  `roll` longtext COLLATE utf8_unicode_ci NOT NULL,
  `transport_id` int(11) NOT NULL,
  `dormitory_id` int(11) NOT NULL,
  `dormitory_room_number` longtext COLLATE utf8_unicode_ci NOT NULL,
  `authentication_key` longtext COLLATE utf8_unicode_ci NOT NULL,
  PRIMARY KEY (`student_id`)
) ENGINE=InnoDB  DEFAULT CHARSET=utf8 COLLATE=utf8_unicode_ci AUTO_INCREMENT=16 ;

--
-- Dumping data for table `student`
--

INSERT INTO `student` (`student_id`, `name`, `birthday`, `sex`, `religion`, `blood_group`, `address`, `phone`, `email`, `password`, `father_name`, `mother_name`, `class_id`, `section_id`, `parent_id`, `roll`, `transport_id`, `dormitory_id`, `dormitory_room_number`, `authentication_key`) VALUES
(5, 'TUNDE ALOWO A', '06/20/2014', 'female', '', '', 'IJEBU ODE OGUN STATE', '08033527716', 'tunde@tunde.com', 'tunde', '', '', '2', 2, 1, 'ROLL', 1, 1, '', ''),
(8, 'Royce Miller', '06/06/2018', 'female', '', '', 'FEDERAL COLLEGE OF EDUCATION, OSIELE ABEOKUTA OGUN STATE', '08033527716', 'royce@gmail.com', 'royce', '', '', '3', 3, 1, 'ROLL', 1, 3, '', ''),
(9, 'ADE', '06/11/2014', 'male', '', '', 'FEDERALCOLLEGE OFE', '080', 'segtism@gmat.omc', 'iuhkj,', '', '', '3', 4, 1, '', 1, 1, '', ''),
(11, 'kemi', '09/18/2017', 'female', '', '', 'FEDERALCOLLEGE OFE', '08054544545', 'kemi@kemi.com', 'kemi', '', '', '2', 2, 1, 'roll', 1, 1, '', ''),
(12, 'kemi', '07/15/2015', 'male', '', '', 'FEDERALCOLLEGE OFE', '08054544545', 'kemi2@kem2i.com', 'kemi', '', '', '4', 5, 1, '', 1, 1, '', ''),
(13, 'test', '06/10/2014', 'male', '', '', 'FEDERALCOLLEGE OFE', '08054544545', 'test@test.com', 'test', '', '', '2', 2, 1, '', 0, 1, '', ''),
(14, 'segun', '06/17/2014', '', '', '', 'FEDERALCOLLEGE OFE', '08054544545', 'segun@segun.com', 'segun', '', '', '3', 3, 1, '', 0, 0, '', ''),
(15, 'Student', '09/12/2017', 'male', '', '', 'Student Address', '08054544545', 'student@student.com', 'student', '', '', '2', 2, 1, '', 1, 1, '', '');

-- --------------------------------------------------------

--
-- Table structure for table `subject`
--

CREATE TABLE IF NOT EXISTS `subject` (
  `subject_id` int(11) NOT NULL AUTO_INCREMENT,
  `name` longtext COLLATE utf8_unicode_ci NOT NULL,
  `class_id` int(11) NOT NULL,
  `teacher_id` int(11) DEFAULT NULL,
  PRIMARY KEY (`subject_id`)
) ENGINE=InnoDB  DEFAULT CHARSET=utf8 COLLATE=utf8_unicode_ci AUTO_INCREMENT=7 ;

--
-- Dumping data for table `subject`
--

INSERT INTO `subject` (`subject_id`, `name`, `class_id`, `teacher_id`) VALUES
(1, 'Mathematics', 2, 2),
(2, 'Economics', 2, 2),
(4, 'Social Studies', 2, 2),
(5, 'Science', 3, 2),
(6, 'Mathematics', 3, 4);

-- --------------------------------------------------------

--
-- Table structure for table `task_manager`
--

CREATE TABLE IF NOT EXISTS `task_manager` (
  `task_manager_id` int(11) NOT NULL AUTO_INCREMENT,
  `name` longtext CHARACTER SET utf8 COLLATE utf8_unicode_ci NOT NULL,
  `description` longtext CHARACTER SET utf8 COLLATE utf8_unicode_ci NOT NULL,
  `priority` longtext CHARACTER SET utf8 COLLATE utf8_unicode_ci NOT NULL,
  `date` longtext CHARACTER SET utf8 COLLATE utf8_unicode_ci NOT NULL,
  `user` longtext CHARACTER SET utf8 COLLATE utf8_unicode_ci NOT NULL,
  `status` longtext CHARACTER SET utf8 COLLATE utf8_unicode_ci NOT NULL,
  PRIMARY KEY (`task_manager_id`)
) ENGINE=InnoDB  DEFAULT CHARSET=latin1 AUTO_INCREMENT=4 ;

--
-- Dumping data for table `task_manager`
--

INSERT INTO `task_manager` (`task_manager_id`, `name`, `description`, `priority`, `date`, `user`, `status`) VALUES
(1, 'CLEANING OF TOILET TODAY', 'YOU HAVE BEEN ASSIGNMENT OF WATCH THE STAFF TOILET TODAY', 'Normal', 'Fri, 14 July 2017', 'parent-OMMOLOLU ESTHER ', 'Open'),
(3, 'THIS IS ANOTHER ONE', 'YOU ARE EXPECTED TO HAVE UNDERSTOOD THE INFOMATION I SENT EARLIER', 'Low', 'Thu, 13 July 2017', 'parent-AKINADE AYODEJI AYOTUNDE', 'Normal');

-- --------------------------------------------------------

--
-- Table structure for table `teacher`
--

CREATE TABLE IF NOT EXISTS `teacher` (
  `teacher_id` int(11) NOT NULL AUTO_INCREMENT,
  `name` longtext COLLATE utf8_unicode_ci NOT NULL,
  `birthday` longtext COLLATE utf8_unicode_ci NOT NULL,
  `sex` longtext COLLATE utf8_unicode_ci NOT NULL,
  `religion` longtext COLLATE utf8_unicode_ci NOT NULL,
  `blood_group` longtext COLLATE utf8_unicode_ci NOT NULL,
  `address` longtext COLLATE utf8_unicode_ci NOT NULL,
  `phone` longtext COLLATE utf8_unicode_ci NOT NULL,
  `email` longtext COLLATE utf8_unicode_ci NOT NULL,
  `password` longtext COLLATE utf8_unicode_ci NOT NULL,
  `authentication_key` longtext COLLATE utf8_unicode_ci NOT NULL,
  PRIMARY KEY (`teacher_id`)
) ENGINE=InnoDB  DEFAULT CHARSET=utf8 COLLATE=utf8_unicode_ci AUTO_INCREMENT=5 ;

--
-- Dumping data for table `teacher`
--

INSERT INTO `teacher` (`teacher_id`, `name`, `birthday`, `sex`, `religion`, `blood_group`, `address`, `phone`, `email`, `password`, `authentication_key`) VALUES
(2, 'teacher', '08/28/2018', 'male', '', '', '2, ABUJA STREE, OSIELE ABOEKUTA OGUN STATE. I LOVE THIS PLATFORM. THIS IS COOL FOREVER', '08033527716', 'teacher@teacher.com', 'teacher', ''),
(4, 'Optimum', '06/03/2014', 'female', '', '', 'TORONTO, CANADA', '+1564783934', 'canada@gmail..com', 'canada', '');

-- --------------------------------------------------------

--
-- Table structure for table `todays_thought`
--

CREATE TABLE IF NOT EXISTS `todays_thought` (
  `tthought_id` int(11) NOT NULL AUTO_INCREMENT,
  `thought` longtext NOT NULL,
  `date` timestamp NOT NULL DEFAULT CURRENT_TIMESTAMP,
  PRIMARY KEY (`tthought_id`)
) ENGINE=InnoDB  DEFAULT CHARSET=latin1 AUTO_INCREMENT=3 ;

--
-- Dumping data for table `todays_thought`
--

INSERT INTO `todays_thought` (`tthought_id`, `thought`, `date`) VALUES
(1, 'be yourself alwatys', '2017-07-18 17:19:35'),
(2, 'You will sure make it if your believ', '2017-07-05 17:40:26');

-- --------------------------------------------------------

--
-- Table structure for table `transport`
--

CREATE TABLE IF NOT EXISTS `transport` (
  `transport_id` int(11) NOT NULL AUTO_INCREMENT,
  `route_name` longtext COLLATE utf8_unicode_ci NOT NULL,
  `number_of_vehicle` longtext COLLATE utf8_unicode_ci NOT NULL,
  `description` longtext COLLATE utf8_unicode_ci NOT NULL,
  `route_fare` longtext COLLATE utf8_unicode_ci NOT NULL,
  PRIMARY KEY (`transport_id`)
) ENGINE=MyISAM  DEFAULT CHARSET=utf8 COLLATE=utf8_unicode_ci AUTO_INCREMENT=2 ;

--
-- Dumping data for table `transport`
--

INSERT INTO `transport` (`transport_id`, `route_name`, `number_of_vehicle`, `description`, `route_fare`) VALUES
(1, 'Lagos', '400GL', 'Long Distance', '500');

/*!40101 SET CHARACTER_SET_CLIENT=@OLD_CHARACTER_SET_CLIENT */;
/*!40101 SET CHARACTER_SET_RESULTS=@OLD_CHARACTER_SET_RESULTS */;
/*!40101 SET COLLATION_CONNECTION=@OLD_COLLATION_CONNECTION */;
